$MeshFormat
2.2 0 8
$EndMeshFormat
$PhysicalNames
4
2 1 "InflateSurface"
2 2 "Weld"
2 3 "Anchor"
2 4 "FreeSurface"
$EndPhysicalNames
$Nodes
1291
1 -4.00000000000443 -120.916730868039 0
2 -4.00000000000003 12 0
3 4 12 0
4 4 -120.916730868016 0
5 8.909090909108871 -126.816723864234 0
6 -8.90909090910014 -126.816723864254 0
7 -6.00000000000443 -120.916730868039 0
8 -5.999999999999969 14 0
9 6 14 0
10 6 -120.916730868016 0
11 9.272727272739219 -124.850059532161 0
12 -9.27272727273486 -124.850059532182 0
13 20.25 10 0
14 -15.75 10 0
15 -15.75 -10 0
16 20.25 -10 0
17 -25 18 0
18 -25 -18 0
19 -10 -18 0
20 -10.0000000000005 -116.905249806889 0
21 -13.7500000000005 -121.746478989648 0
22 13.75 -121.746478989648 0
23 10 -116.905249806889 0
24 10 -18 0
25 25 -18 0
26 25 18 0
27 -4.000000000004301 -117.0074152542732 0
28 -4.000000000004171 -113.0980996405073 0
29 -4.000000000004042 -109.1887840267414 0
30 -4.000000000003912 -105.2794684129756 0
31 -4.000000000003784 -101.3701527992097 0
32 -4.000000000003654 -97.46083718544386 0
33 -4.000000000003524 -93.55152157167802 0
34 -4.000000000003395 -89.64220595791218 0
35 -4.000000000003265 -85.73289034414631 0
36 -4.000000000003136 -81.82357473038047 0
37 -4.000000000003006 -77.91425911661463 0
38 -4.000000000002878 -74.00494350284876 0
39 -4.000000000002748 -70.09562788908291 0
40 -4.000000000002618 -66.18631227531705 0
41 -4.000000000002489 -62.27699666155121 0
42 -4.000000000002359 -58.36768104778535 0
43 -4.00000000000223 -54.4583654340195 0
44 -4.000000000002101 -50.54904982025364 0
45 -4.000000000001972 -46.6397342064878 0
46 -4.000000000001842 -42.73041859272195 0
47 -4.000000000001712 -38.82110297895609 0
48 -4.000000000001583 -34.91178736519024 0
49 -4.000000000001454 -31.00247175142438 0
50 -4.000000000001324 -27.09315613765853 0
51 -4.000000000001195 -23.18384052389268 0
52 -4.000000000001066 -19.27452491012683 0
53 -4.000000000000936 -15.36520929636097 0
54 -4.000000000000806 -11.45589368259512 0
55 -4.000000000000678 -7.546578068829261 0
56 -4.000000000000548 -3.637262455063421 0
57 -4.000000000000418 0.272053158702434 0
58 -4.00000000000029 4.181368772468288 0
59 -4.00000000000016 8.09068438623413 0
60 -1.509903313490213e-14 12 0
61 4 8.090684386234807 0
62 4 4.18136877246966 0
63 4 0.2720531587044679 0
64 4 -3.637262455060709 0
65 4 -7.546578068825887 0
66 4 -11.45589368259106 0
67 4 -15.36520929635624 0
68 4 -19.27452491012142 0
69 4 -23.18384052388658 0
70 4 -27.09315613765176 0
71 4 -31.00247175141695 0
72 4 -34.91178736518211 0
73 4 -38.82110297894729 0
74 4 -42.73041859271249 0
75 4 -46.63973420647766 0
76 4 -50.54904982024283 0
77 4 -54.458365434008 0
78 4 -58.36768104777317 0
79 4 -62.27699666153835 0
80 4 -66.18631227530354 0
81 4 -70.09562788906871 0
82 4 -74.0049435028339 0
83 4 -77.91425911659907 0
84 4 -81.82357473036424 0
85 4 -85.73289034412943 0
86 4 -89.64220595789457 0
87 4 -93.55152157165978 0
88 4 -97.46083718542496 0
89 4 -101.3701527991901 0
90 4 -105.2794684129553 0
91 4 -109.1887840267205 0
92 4 -113.0980996404857 0
93 4 -117.0074152542508 0
94 4.630772647590089 -123.5946774018611 0
95 6.390465879377624 -125.7095654606202 0
96 12.78138536269616 -127.6963406466894 0
97 16.56973901271008 -128.8866207152815 0
98 20.24927212658797 -130.3797469936443 0
99 23.79581964259429 -132.1659134853161 0
100 27.18608987207728 -134.2333896738955 0
101 30.39781746591244 -136.5685975623412 0
102 33.40990964053709 -139.1562008454638 0
103 36.20258470324723 -141.9792056299759 0
104 38.75750196700212 -145.0190720406309 0
105 41.05788220153067 -148.2558359794828 0
106 43.08861782968595 -151.6682402386236 0
107 44.83637214534136 -155.2338741053252 0
108 46.28966690122224 -158.9293205427385 0
109 47.4389576914464 -162.7303099795519 0
110 48.27669663370423 -166.6118796986071 0
111 48.79738193941784 -170.5485377776985 0
112 48.99759404633083 -174.5144305058881 0
113 48.87601807623069 -178.4835121758409 0
114 48.43345247031417 -182.4297161370828 0
115 47.67280374548382 -186.3271259868004 0
116 46.5990674060131 -190.1501457739008 0
117 45.21929513594119 -193.8736680985287 0
118 43.54254848765956 -197.4732390030585 0
119 41.5798393708362 -200.9252185716539 0
120 39.34405773251306 -204.2069361836672 0
121 36.8498869033316 -207.2968394012651 0
122 34.1137071658442 -210.1746355134706 0
123 31.15348817821932 -212.8214248070424 0
124 27.98867095983976 -215.2198246889449 0
125 24.64004021384503 -217.3540838452425 0
126 21.12958782512979 -219.21018568669 0
127 17.48036843026543 -220.7759404016461 0
128 13.71634800787866 -222.0410650117605 0
129 9.862246483858369 -222.9972509046736 0
130 5.943375385069702 -223.6382184002149 0
131 1.985471607772294 -223.9597579917374 0
132 -1.985471607543398 -223.9597579917419 0
133 -5.943375384841516 -223.6382184002284 0
134 -9.862246483631639 -222.997250904696 0
135 -13.7163480076541 -222.0410650117916 0
136 -17.48036843004374 -220.7759404016858 0
137 -21.12958782491166 -219.210185686738 0
138 -24.64004021363115 -217.3540838452984 0
139 -27.98867095963074 -215.2198246890084 0
140 -31.15348817801575 -212.8214248071131 0
141 -34.11370716564668 -210.174635513548 0
142 -36.84988690314063 -207.2968394013488 0
143 -39.34405773232911 -204.2069361837565 0
144 -41.57983937065969 -200.9252185717482 0
145 -43.54254848749088 -197.4732390031573 0
146 -45.21929513578069 -193.8736680986313 0
147 -46.59906740586104 -190.1501457740065 0
148 -47.67280374534045 -186.3271259869085 0
149 -48.43345247017964 -182.4297161371927 0
150 -48.87601807610511 -178.4835121759518 0
151 -48.99759404621426 -174.5144305059991 0
152 -48.79738193931025 -170.5485377778091 0
153 -48.27669663360556 -166.6118796987165 0
154 -47.43895769135653 -162.7303099796595 0
155 -46.28966690114099 -158.9293205428434 0
156 -44.83637214526847 -155.2338741054268 0
157 -43.08861782962114 -151.6682402387212 0
158 -41.05788220147358 -148.2558359795758 0
159 -38.75750196695238 -145.0190720407188 0
160 -36.2025847032044 -141.9792056300579 0
161 -33.40990964050063 -139.1562008455394 0
162 -30.39781746588182 -136.5685975624101 0
163 -27.18608987205191 -134.233389673957 0
164 -23.7958196425736 -132.1659134853699 0
165 -20.24927212657132 -130.3797469936902 0
166 -16.5697390126968 -128.886620715319 0
167 -12.78138536268558 -127.6963406467183 0
168 -6.390465879374849 -125.7095654606376 0
169 -4.630772647592487 -123.59467740188 0
170 -6.000000000004299 -116.9485917248614 0
171 -6.000000000004167 -112.9804525816837 0
172 -6.000000000004037 -109.0123134385061 0
173 -6.000000000003905 -105.0441742953285 0
174 -6.000000000003775 -101.0760351521509 0
175 -6.000000000003643 -97.10789600897328 0
176 -6.000000000003512 -93.13975686579569 0
177 -6.00000000000338 -89.17161772261805 0
178 -6.00000000000325 -85.20347857944043 0
179 -6.000000000003118 -81.23533943626281 0
180 -6.000000000002988 -77.26720029308521 0
181 -6.000000000002856 -73.29906114990759 0
182 -6.000000000002725 -69.33092200672995 0
183 -6.000000000002593 -65.36278286355235 0
184 -6.000000000002462 -61.39464372037475 0
185 -6.000000000002331 -57.42650457719709 0
186 -6.0000000000022 -53.4583654340195 0
187 -6.000000000002069 -49.49022629084187 0
188 -6.000000000001938 -45.52208714766427 0
189 -6.000000000001807 -41.55394800448664 0
190 -6.000000000001675 -37.58580886130903 0
191 -6.000000000001544 -33.61766971813141 0
192 -6.000000000001412 -29.64953057495379 0
193 -6.000000000001282 -25.68139143177618 0
194 -6.00000000000115 -21.71325228859855 0
195 -6.00000000000102 -17.74511314542094 0
196 -6.000000000000888 -13.77697400224332 0
197 -6.000000000000757 -9.808834859065698 0
198 -6.000000000000625 -5.840695715888089 0
199 -6.000000000000495 -1.872556572710465 0
200 -6.000000000000363 2.095582570467144 0
201 -6.000000000000233 6.063721713644767 0
202 -6.000000000000101 10.03186085682239 0
203 -1.999999999999971 14 0
204 2.000000000000013 14 0
205 6 10.03186085682304 0
206 6 6.063721713646116 0
207 6 2.095582570469173 0
208 6 -1.872556572707769 0
209 6 -5.84069571588471 0
210 6 -9.808834859061653 0
211 6 -13.7769740022386 0
212 6 -17.74511314541554 0
213 6 -21.71325228859246 0
214 6 -25.68139143176941 0
215 6 -29.64953057494635 0
216 6 -33.6176697181233 0
217 6 -37.58580886130023 0
218 6 -41.55394800447718 0
219 6 -45.52208714765412 0
220 6 -49.49022629083106 0
221 6 -53.458365434008 0
222 6 -57.42650457718495 0
223 6 -61.39464372036188 0
224 6 -65.36278286353883 0
225 6 -69.33092200671577 0
226 6 -73.29906114989271 0
227 6 -77.26720029306965 0
228 5.999999999999999 -81.23533943624658 0
229 6 -85.20347857942355 0
230 6 -89.17161772260046 0
231 6.000000000000001 -93.13975686577743 0
232 6 -97.10789600895436 0
233 6 -101.0760351521313 0
234 6 -105.0441742953082 0
235 6 -109.0123134384852 0
236 5.999999999999999 -112.9804525816621 0
237 5.999999999999999 -116.948591724839 0
238 6.925175540860666 -123.475139464288 0
239 13.1454659408059 -125.7232638539948 0
240 16.93855051173491 -126.8950573582389 0
241 20.62899703591004 -128.3583396382561 0
242 24.19444349229354 -130.1042440301032 0
243 27.61328528964034 -132.1221913395052 0
244 30.86480617811558 -134.3999539457963 0
245 33.92930377806508 -136.9237298943924 0
246 36.78820896530529 -139.6782265288393 0
247 39.42419838952528 -142.646753155671 0
248 41.82129944400295 -145.8113221805827 0
249 43.96498705057803 -149.1527581030905 0
250 45.84227167341997 -152.6508137092308 0
251 47.44177802827661 -156.284292758239 0
252 48.75381401027041 -160.0311784197934 0
253 49.77042942257845 -163.8687666835688 0
254 50.48546415013379 -167.7738039327123 0
255 50.89458548644263 -171.7226278476249 0
256 50.99531438733792 -175.6913107862499 0
257 50.78704049258652 -179.6558047720662 0
258 50.27102582432737 -183.5920872112402 0
259 49.45039713993026 -187.4763064559731 0
260 48.33012698561272 -191.2849263320114 0
261 46.91700356561903 -194.9948687545665 0
262 45.21958960953758 -198.5836535684705 0
263 43.24817048699694 -202.0295347652168 0
264 41.01469188413663 -205.3116322514859 0
265 38.53268741949773 -208.410058370715 0
266 35.81719663794034 -211.3060384110615 0
267 32.88467387949816 -213.9820243695499 0
268 29.75288857537373 -216.4218012830563 0
269 26.44081757522402 -218.6105854818242 0
270 22.96853015817254 -220.5351141701514 0
271 19.35706642431571 -222.1837257914393 0
272 15.62830980360289 -223.5464306906374 0
273 11.8048544546137 -224.6149716459099 0
274 7.909868356721651 -225.3828739027343 0
275 3.966952925227595 -225.8454844072568 0
276 1.16639320944809e-10 -226.0000000011694 0
277 -3.966952924994641 -225.8454844072658 0
278 -7.909868356489746 -225.3828739027522 0
279 -11.80485445438353 -224.6149716459366 0
280 -15.62830980337517 -223.5464306906729 0
281 -19.35706642409108 -222.1837257914832 0
282 -22.96853015795163 -220.5351141702035 0
283 -26.44081757500745 -218.6105854818842 0
284 -29.7528885751621 -216.4218012831238 0
285 -32.88467387929207 -213.9820243696245 0
286 -35.8171966377403 -211.3060384111428 0
287 -38.53268741930425 -208.4100583708024 0
288 -41.01469188395017 -205.3116322515789 0
289 -43.24817048681791 -202.029534765315 0
290 -45.21958960936637 -198.5836535685732 0
291 -46.91700356545598 -194.994868754673 0
292 -48.33012698545809 -191.284926332121 0
293 -49.45039713978428 -187.4763064560853 0
294 -50.2710258241902 -183.5920872113542 0
295 -50.78704049245829 -179.6558047721814 0
296 -50.99531438721868 -175.6913107863655 0
297 -50.89458548633237 -171.7226278477403 0
298 -50.48546415003251 -167.7738039328268 0
299 -49.77042942248601 -163.8687666836817 0
300 -48.75381401018668 -160.031178419904 0
301 -47.44177802820138 -156.2842927583466 0
302 -45.84227167335297 -152.6508137093348 0
303 -43.96498705051894 -149.1527581031901 0
304 -41.82129944395141 -145.8113221806775 0
305 -39.42419838948089 -142.6467531557604 0
306 -36.78820896526762 -139.6782265289227 0
307 -33.92930377803363 -136.9237298944692 0
308 -30.86480617808984 -134.3999539458662 0
309 -27.61328528961972 -132.1221913395677 0
310 -24.1944434922775 -130.1042440301579 0
311 -20.62899703589791 -128.3583396383028 0
312 -16.93855051172605 -126.8950573582773 0
313 -13.14546594079968 -125.7232638540245 0
314 -6.925175540862289 -123.4751394643075 0
315 19.40285205418215 11.75912083555306 0
316 17.4993278985983 12.19358780240911 0
317 15.97282004721956 10.97623841301451 0
318 15.97282004721955 9.023761586985504 0
319 17.49932789859828 7.806412197590899 0
320 19.40285205418214 8.240879164446929 0
321 -16.59714794581785 11.75912083555307 0
322 -18.5006721014017 12.1935878024091 0
323 -20.02717995278044 10.97623841301451 0
324 -20.02717995278045 9.023761586985501 0
325 -18.50067210140172 7.806412197590898 0
326 -16.59714794581785 8.24087916444693 0
327 -16.59714794581785 -8.240879164446936 0
328 -18.5006721014017 -7.806412197590896 0
329 -20.02717995278044 -9.023761586985486 0
330 -20.02717995278045 -10.9762384130145 0
331 -18.50067210140172 -12.1935878024091 0
332 -16.59714794581786 -11.75912083555307 0
333 19.40285205418215 -8.240879164446937 0
334 17.4993278985983 -7.806412197590895 0
335 15.97282004721956 -9.023761586985483 0
336 15.97282004721955 -10.97623841301449 0
337 17.49932789859828 -12.1935878024091 0
338 19.40285205418214 -11.75912083555307 0
339 -25 14 0
340 -25 10 0
341 -25 5.999999999999999 0
342 -25 2 0
343 -25 -2 0
344 -25 -6.000000000000002 0
345 -25 -10 0
346 -25 -14 0
347 -21.25 -18 0
348 -17.5 -18 0
349 -13.75 -18 0
350 -10.00000000000002 -21.95620999227555 0
351 -10.00000000000004 -25.91241998455114 0
352 -10.00000000000006 -29.8686299768267 0
353 -10.00000000000008 -33.82483996910229 0
354 -10.0000000000001 -37.78104996137784 0
355 -10.00000000000012 -41.73725995365343 0
356 -10.00000000000014 -45.69346994592901 0
357 -10.00000000000016 -49.64967993820456 0
358 -10.00000000000018 -53.60588993048012 0
359 -10.0000000000002 -57.56209992275568 0
360 -10.00000000000022 -61.51830991503124 0
361 -10.00000000000024 -65.4745199073068 0
362 -10.00000000000026 -69.43072989958235 0
363 -10.00000000000028 -73.38693989185791 0
364 -10.0000000000003 -77.34314988413347 0
365 -10.00000000000032 -81.29935987640899 0
366 -10.00000000000034 -85.25556986868459 0
367 -10.00000000000036 -89.21177986096014 0
368 -10.00000000000038 -93.16798985323567 0
369 -10.0000000000004 -97.12419984551121 0
370 -10.00000000000042 -101.0804098377868 0
371 -10.00000000000044 -105.0366198300623 0
372 -10.00000000000046 -108.9928298223379 0
373 -10.00000000000048 -112.9490398146135 0
374 -11.04715292478996 -119.967111985368 0
375 -17.55693081624234 -122.8775079230312 0
376 -21.27232212440183 -124.2802966152633 0
377 -24.87680236710132 -125.9475311122044 0
378 -28.35157826254444 -127.8705186743713 0
379 -31.67853279019415 -130.0392330997285 0
380 -34.84031965051434 -132.442366998975 0
381 -37.82045370627434 -135.0673907507725 0
382 -40.60339693386749 -137.9006178295282 0
383 -43.17463943650478 -140.9272761651242 0
384 -45.52077509689185 -144.1315851625309 0
385 -47.62957147494598 -147.496837979736 0
386 -49.49003358611586 -151.0054886350026 0
387 -51.09246122777238 -154.6392434892899 0
388 -52.42849955477835 -158.3791566268604 0
389 -53.49118264054253 -162.2057286367711 0
390 -54.27496979643677 -166.0990082802152 0
391 -54.77577446021155 -170.0386965136345 0
392 -54.99098550278927 -174.0042523252395 0
393 -54.91948084234495 -177.9749998331196 0
394 -54.56163329469196 -181.9302360865487 0
395 -53.91930862946985 -185.8493390084236 0
396 -52.99585584226897 -189.7118749160382 0
397 -51.79608969341176 -193.4977050595943 0
398 -50.32626560443111 -197.1870906229711 0
399 -48.59404704313253 -200.7607956392944 0
400 -46.60846556728951 -204.2001872847152 0
401 -44.37987373529954 -207.4873330274818 0
402 -41.91989112931807 -210.6050941257814 0
403 -39.24134377229863 -213.5372149868656 0
404 -36.35819725481071 -216.2684079215553 0
405 -33.28548392030334 -218.7844328522231 0
406 -30.03922448846052 -221.0721715586694 0
407 -26.63634452529427 -223.1196960747823 0
408 -23.09458619548883 -224.9163308793697 0
409 -19.43241575710775 -226.4527085569117 0
410 -15.6689272809742 -227.7208186380211 0
411 -11.8237430967189 -228.7140493649694 0
412 -7.916911484556397 -229.4272221645132 0
413 -3.968802146211976 -229.8566186482889 0
414 8.792607550883792e-13 -229.9999999999961 0
415 3.968802146213759 -229.8566186482888 0
416 7.916911484558197 -229.427222164513 0
417 11.82374309672068 -228.7140493649691 0
418 15.66892728097596 -227.7208186380207 0
419 19.43241575710945 -226.4527085569112 0
420 23.09458619549047 -224.9163308793692 0
421 26.63634452529588 -223.1196960747816 0
422 30.03922448846211 -221.0721715586687 0
423 33.28548392030486 -218.7844328522223 0
424 36.35819725481217 -216.2684079215544 0
425 39.24134377230003 -213.5372149868647 0
426 41.91989112931939 -210.6050941257804 0
427 44.37987373530079 -207.4873330274808 0
428 46.60846556729069 -204.200187284714 0
429 48.59404704313364 -200.7607956392932 0
430 50.32626560443212 -197.1870906229699 0
431 51.79608969341266 -193.497705059593 0
432 52.9958558422698 -189.7118749160369 0
433 53.91930862947058 -185.8493390084223 0
434 54.56163329469258 -181.9302360865474 0
435 54.91948084234547 -177.9749998331182 0
436 54.9909855027897 -174.004252325238 0
437 54.77577446021188 -170.0386965136331 0
438 54.27496979643701 -166.0990082802138 0
439 53.49118264054266 -162.2057286367697 0
440 52.4284995547784 -158.3791566268591 0
441 51.09246122777235 -154.6392434892886 0
442 49.49003358611574 -151.0054886350014 0
443 47.6295714749458 -147.4968379797349 0
444 45.52077509689163 -144.1315851625299 0
445 43.17463943650449 -140.9272761651233 0
446 40.60339693386715 -137.9006178295273 0
447 37.82045370627398 -135.0673907507717 0
448 34.84031965051393 -132.4423669989743 0
449 31.67853279019377 -130.0392330997279 0
450 28.35157826254402 -127.8705186743708 0
451 24.87680236710088 -125.9475311122039 0
452 21.27232212440141 -124.280296615263 0
453 17.55693081624191 -122.8775079230309 0
454 11.04715292478953 -119.9671119853681 0
455 10 -112.9490398146135 0
456 10 -108.9928298223379 0
457 10 -105.0366198300623 0
458 10 -101.0804098377868 0
459 10 -97.12419984551116 0
460 10 -93.16798985323564 0
461 10 -89.21177986096011 0
462 10 -85.25556986868447 0
463 10 -81.29935987640896 0
464 10 -77.34314988413342 0
465 10 -73.38693989185779 0
466 10 -69.43072989958226 0
467 10 -65.47451990730674 0
468 10 -61.5183099150311 0
469 10 -57.56209992275558 0
470 10 -53.60588993048005 0
471 10 -49.64967993820441 0
472 10 -45.6934699459289 0
473 10 -41.73725995365337 0
474 10 -37.78104996137785 0
475 9.999999999999998 -33.82483996910221 0
476 10 -29.86862997682668 0
477 10 -25.91241998455116 0
478 10 -21.95620999227553 0
479 13.75 -18 0
480 17.5 -18 0
481 21.25 -18 0
482 25 -14 0
483 25 -10 0
484 25 -5.999999999999999 0
485 25 -2 0
486 25 2 0
487 25 6.000000000000002 0
488 25 10 0
489 25 14 0
490 21.15384615384613 18 0
491 17.30769230769226 18 0
492 13.4615384615384 18 0
493 9.615384615384528 18 0
494 5.76923076923066 18 0
495 1.923076923076795 18 0
496 -1.923076923076794 18 0
497 -5.76923076923066 18 0
498 -9.615384615384528 18 0
499 -13.4615384615384 18 0
500 -17.30769230769226 18 0
501 -21.15384615384613 18 0
502 -20.4411078770253 -134.3240063381791 0
503 21.27738267278278 -215.2419938185631 0
504 -39.89736580264561 -197.7715605950109 0
505 40.83724364517837 -154.3739665917184 0
506 10.74226957339903 -130.0136705038558 0
507 -43.57255888444977 -161.8251302819136 0
508 -14.44436171020816 -218.2200334205535 0
509 43.49186095898139 -187.0580595470328 0
510 26.95166448518228 -137.9394172372063 0
511 -44.95194238399394 -179.8311369834825 0
512 35.78988827936139 -203.9460481220057 0
513 -34.99574593970529 -145.3768276658871 0
514 3.959057281073242 -220.5510938003043 0
515 45.21458182105718 -172.6776748759545 0
516 -30.47043456538335 -209.4526965993551 0
517 -6.451026333197991 -128.738865626084 0
518 35.15645435487556 -145.7834513498086 0
519 3.522419487207031 -126.2294249094188 0
520 17.13394569403626 -132.7973369862636 0
521 -3.70634068932517 -220.6538728425327 0
522 41.06667783461493 -194.1969504786593 0
523 27.38447287345084 -211.0973185063405 0
524 -21.30150647022953 -215.1783006036596 0
525 -40.74902079462332 -155.046659709093 0
526 -45.66911997133173 -172.4287475555346 0
527 -35.70060217019153 -203.7025754202203 0
528 -42.73786376205789 -190.4478720105693 0
529 -29.66293337508521 -140.470947545735 0
530 45.32094951553144 -179.5966978667606 0
531 43.85013991107831 -165.4209150955472 0
532 10.9612159718654 -219.1814081296511 0
533 -13.5755670175363 -131.4760008516499 0
534 -2.10216188117543 -122.764137092062 0
535 -2.626989243103598 -125.4799158056245 0
536 5.444667885068274 -128.3252535455832 0
537 2.33607631892059 -129.0524253509394 0
538 4.466451903777443 -131.6050080884461 0
539 1.039145016693528 -132.2853958839533 0
540 3.417913634258561 -135.1140949659138 0
541 -0.2232152092218058 -135.7465001512649 0
542 2.170842309022976 -138.6778425759961 0
543 -1.52968618690484 -139.3069831122181 0
544 0.879692054008931 -142.2685361927311 0
545 -2.899875346034563 -142.9265700181753 0
546 -0.4340740434047596 -145.8854837006832 0
547 -4.241900183732341 -146.534120872692 0
548 -1.749930981928713 -149.5146857916376 0
549 -5.550919819095828 -150.1870053363797 0
550 -3.075287952723208 -153.1555554541981 0
551 -6.88853070911676 -153.8293390501204 0
552 -4.393642379927407 -156.8058843310453 0
553 -0.5764643954425992 -156.0922759105014 0
554 -1.905437579538727 -159.7786742881669 0
555 -5.726135929754186 -160.4672547642833 0
556 -3.229018755303862 -163.4483925657798 0
557 0.6037053499672318 -162.7384128478043 0
558 -0.7274448852287172 -166.4331983233821 0
559 -4.560999033212937 -167.1182759266616 0
560 -2.059979936234516 -170.1108848931152 0
561 1.784721211451139 -169.4175405215045 0
562 0.4489434237197294 -173.1068338247222 0
563 -3.403941539686137 -173.7878426000127 0
564 -0.8876106490219691 -176.790531865928 0
565 2.96777455735009 -176.1011515494018 0
566 1.6294485695276 -179.7960035144079 0
567 -4.748725395731103 -177.4698563598964 0
568 5.495059123487369 -179.1054394939644 0
569 4.15138844332747 -182.805812250885 0
570 8.022734454453431 -182.1233820176779 0
571 9.365658752943215 -178.4200321541277 0
572 6.674285548386528 -185.8181793752794 0
573 2.80279009042723 -186.5015178843104 0
574 11.89642056947982 -181.4404972601625 0
575 13.24129416837844 -177.7401072154084 0
576 5.327747850025052 -189.5164609343596 0
577 1.454621233022291 -190.1991708395815 0
578 3.386014915756967 -145.1484892823583 0
579 15.77392412306973 -180.7579480712686 0
580 17.12007574048534 -177.0539298080561 0
581 3.984455200488828 -193.2185372004841 0
582 0.1008934735172495 -193.9015152396334 0
583 7.850370216350978 -192.5359721954096 0
584 19.65520527121613 -180.0739472712268 0
585 21.00185110378788 -176.3684454147434 0
586 18.46596762460709 -173.3485160270191 0
587 22.34767092028869 -172.6619291556929 0
588 19.81071272356425 -169.6422930902664 0
589 2.635027620518677 -196.9243874168825 0
590 -1.250512986506529 -197.6073478871509 0
591 -3.785276798090933 -194.582606787089 0
592 -5.137814167176487 -198.2901148749893 0
593 -7.673617967880457 -195.2622830797265 0
594 -9.385680761701973 -150.8367971187583 0
595 23.69371680273691 -168.9562707542037 0
596 21.15579181094661 -165.9358496672301 0
597 23.54056794707314 -179.3883347969142 0
598 22.19039311346125 -183.0982683215071 0
599 -9.027182665752264 -198.9726411212941 0
600 -11.56445275310917 -195.9429558157347 0
601 1.283671377763987 -200.6334771178501 0
602 25.0402550337416 -165.2492561408971 0
603 22.50187493603689 -162.2297487980212 0
604 18.61889710044704 -162.916607761524 0
605 19.96236354031818 -159.2133498397212 0
606 -12.91906770634018 -199.6559722081316 0
607 -15.45659642923427 -196.6255609086851 0
608 -14.10124816921914 -192.9129100636169 0
609 -17.99248822728818 -193.5943645316158 0
610 -16.63657284513588 -189.8841073068824 0
611 -20.52781933610243 -190.5647707479071 0
612 -19.17200420776405 -186.8552179542547 0
613 -23.06219219235021 -187.535108017907 0
614 -21.70702692315233 -183.8237410989463 0
615 -25.59799100037023 -184.5053982172496 0
616 -24.24224020376609 -180.7926626638697 0
617 27.57958211701003 -168.2706115259072 0
618 26.08059228484438 -182.4115476399118 0
619 24.72750774084089 -186.1262605426039 0
620 -28.13217394802076 -181.4722322614986 0
621 -26.77664918579816 -177.7628063302715 0
622 -22.88599558124471 -177.0807318074232 0
623 -25.41916823153286 -174.0527662414631 0
624 -21.54262775640401 -173.3827055831165 0
625 -24.07676588024151 -170.3552050564628 0
626 -27.95568618544698 -171.0272948043334 0
627 -26.59794621190959 -167.3166792222206 0
628 -22.634321432995 -166.7309161433715 0
629 -25.17501379976334 -163.6602975283602 0
630 16.08596506266379 -159.8988146645863 0
631 17.42564312902414 -156.2001360890795 0
632 5.172999989270412 -199.9488779602062 0
633 -6.489251918629623 -201.9999625596491 0
634 -10.72073442131156 -154.501280127079 0
635 -13.21594231096567 -151.512829233749 0
636 -11.87147156529045 -147.8499367998322 0
637 23.84315768969317 -158.5229015150024 0
638 3.820565252224206 -203.6618305109201 0
639 7.714517181549251 -202.9754504652155 0
640 -24.42417022609557 -191.2421651226283 0
641 -15.70518777536686 -148.5275374490804 0
642 -16.81384147284432 -200.3400509998146 0
643 -30.66668902076765 -178.4483994496426 0
644 28.62148162721327 -185.4391965562894 0
645 29.97347564273149 -181.7223900235934 0
646 27.2692652109833 -189.1549716430576 0
647 23.37416088859283 -189.8409106342443 0
648 25.91618702016371 -192.8715589382501 0
649 22.01909338788887 -193.5580286992505 0
650 28.9282579520827 -164.5595024578301 0
651 5.905771975844246 -137.9323020216169 0
652 24.56246349631816 -196.5895457220798 0
653 -14.27350867043126 -203.3724650632107 0
654 -29.118443527758 -164.2920137973523 0
655 -27.76324373327123 -160.5762429925524 0
656 -7.265674792252447 -174.4630017675211 0
657 -29.49745956380597 -185.1719066888656 0
658 13.55538990398041 -156.8854123134659 0
659 14.89328051790475 -153.192250493803 0
660 18.76529359680456 -152.5046409788289 0
661 16.22938522803392 -149.4975788719169 0
662 14.7436857528956 -163.5951786222334 0
663 -12.72898255373288 -189.2077667987669 0
664 20.66522725519748 -197.2754070350319 0
665 31.46960645425462 -167.5844855266206 0
666 -17.81573569950901 -183.1485679171104 0
667 -14.55778841874021 -155.1806420963134 0
668 6.361646135975616 -206.6918061976899 0
669 2.464713359478985 -207.377447750709 0
670 10.25776742380831 -206.0054079713765 0
671 -5.29972111637608 -140.1024566842679 0
672 20.10589167126717 -148.8044468119567 0
673 17.56753267731165 -145.7936901073621 0
674 -18.17136631778568 -204.0574044068785 0
675 10.7090575651743 -174.7151353216859 0
676 -20.71289211523093 -201.0224360079227 0
677 -1.07388651044279 -187.1804126574677 0
678 14.42671201648829 -184.4602273812666 0
679 -14.36397561667592 -144.8627730595896 0
680 -18.2013095869744 -145.5413586738396 0
681 -19.54918642834964 -149.209300908664 0
682 11.02962965332505 -153.8830402085214 0
683 32.82051451089255 -163.8688518750808 0
684 23.20815933166315 -200.3095214608864 0
685 29.81093907399413 -192.1861377443433 0
686 32.51727950620461 -184.7522656266883 0
687 33.86907364151578 -181.0330527405457 0
688 -31.66070476752551 -161.2485724911664 0
689 -33.02238765634188 -164.9628492815632 0
690 -30.29827005733561 -157.5359293938545 0
691 -15.62854394629737 -207.092272666476 0
692 9.693433685563502 -157.5651514892778 0
693 13.69480746394571 -146.4876023254034 0
694 -8.612831111941968 -178.1473669666604 0
695 -11.13283826708803 -175.1365927047548 0
696 -23.83305604482382 -159.937830300535 0
697 15.02976009584904 -142.7875181670532 0
698 30.1178641012883 -171.295362049322 0
699 34.01196041702848 -170.6122688549398 0
700 18.12277344604517 -194.2441557727359 0
701 16.76863242108613 -197.9594764586778 0
702 5.007608150639974 -210.4105831148989 0
703 1.108157219523296 -211.0963105339702 0
704 -22.06088704160779 -146.2086129388343 0
705 -23.39070185319932 -149.8775144782358 0
706 -22.07188946808409 -204.7421927750657 0
707 -24.61481229286094 -201.7047637344525 0
708 27.10837821194365 -199.6225842161969 0
709 18.90607769412579 -142.0866206066341 0
710 -16.85934546954443 -141.8823410509225 0
711 7.174558766253792 -154.5650212517365 0
712 -13.03232595531676 -141.2050360857739 0
713 -18.98049818808558 -176.4233596844185 0
714 -17.58602171405452 -172.7686876382984 0
715 15.93012571553231 -170.3264034500122 0
716 -6.304461073437899 -191.5561718073439 0
717 -9.759179361934336 -171.4641349727874 0
718 -11.72906968386403 -206.4068347026986 0
719 -13.08438007762527 -210.1283967176895 0
720 -9.182217433928681 -209.4424328577558 0
721 30.27472424892018 -160.8416880695958 0
722 34.17127200875254 -160.1498711740665 0
723 31.6244383022503 -157.1264244492755 0
724 -6.095547418246888 -181.1576050560762 0
725 -9.977918314788379 -181.8303301282846 0
726 22.64372287539266 -151.8150652152105 0
727 23.98943283983667 -148.110040513721 0
728 -1.426833613217653 -208.060165141367 0
729 -12.05417506969312 -158.1739794662414 0
730 -15.90114915036021 -158.856363871819 0
731 -13.39420738618523 -161.8556369656752 0
732 26.53057674560588 -151.1304748873736 0
733 8.51095492802434 -150.8959356299387 0
734 -2.782746338506449 -211.7818332103514 0
735 9.049084779488116 -199.2672653916217 0
736 -35.56021774690597 -161.9242363299972 0
737 -36.923915457006 -165.6411466403232 0
738 -34.38440921468541 -168.6797587169632 0
739 -20.86939326677088 -152.876253485363 0
740 25.82221033631236 -203.4712401343326 0
741 21.86233437754743 -204.0527654584834 0
742 -25.92526185705558 -146.9065779253337 0
743 36.71802133664144 -163.1805888801719 0
744 36.41577148020527 -184.064794991235 0
745 35.06150743080575 -187.7869278094579 0
746 37.73736567427612 -180.3312755818865 0
747 -38.28689583276762 -169.3601170152023 0
748 -35.7478298135613 -172.3967211133069 0
749 11.13589047886816 -143.5148373572088 0
750 12.47242097789177 -139.8164013431895 0
751 -27.27326204180596 -150.512042890912 0
752 27.82905478961245 -147.4588742232615 0
753 30.36258292288535 -150.4753099020014 0
754 1.107250216532272 -118.7804558893288 0
755 -2.136559442253652 -132.9598078574797 0
756 -10.52776433653826 -213.0442870991659 0
757 5.820472961198263 -158.2714548301285 0
758 8.349733719707917 -161.2409384688764 0
759 -0.2489936080053035 -214.6083252204544 0
760 -17.24146115890788 -162.5274186920696 0
761 -14.73176231028396 -165.5425458884726 0
762 4.652955634485956 -151.5954168934251 0
763 -15.43139382568699 -138.3883265339275 0
764 -11.51098835986794 -138.193966928065 0
765 -23.2531691788833 -197.9868542714671 0
766 -27.15712114576418 -198.6676104793183 0
767 -28.34780703755604 -202.3546211687016 0
768 -30.91874609799083 -199.3560749381991 0
769 -29.67615322065533 -195.6285385098102 0
770 -7.448080842560284 -184.8450252693088 0
771 31.31817061830981 -178.0097668870269 0
772 14.24124649055993 -194.91317339479 0
773 15.59043594353931 -191.2091507765313 0
774 -10.86798022218442 -164.8604181334817 0
775 25.3494934746631 -144.5351627119854 0
776 -24.49320569227498 -143.3704242571943 0
777 -33.4131548152778 -196.171869255509 0
778 -32.20619752425524 -192.5659214579181 0
779 -36.00218474368921 -193.0920006376242 0
780 -34.75471505695045 -189.5142506408243 0
781 -39.49683445414363 -173.136583390783 0
782 -37.08472122913437 -176.1274456955249 0
783 29.01313862443994 -143.8781710510109 0
784 -16.98168437965387 -210.6781041169685 0
785 29.65634931019815 -202.6576488873703 0
786 30.89304570281129 -198.9079023171112 0
787 2.079504876178845 -123.9894371349152 0
788 -9.800929880629809 -129.9491301184538 0
789 35.3581289901046 -156.5738230647319 0
790 -40.82999622538672 -166.1927822061617 0
791 40.35337669300215 -183.6213718113972 0
792 -29.65242406370716 -147.8187369221926 0
793 -31.17550588998677 -151.2643786661674 0
794 -41.46718650212937 -177.1581616473483 0
795 -38.47146051627964 -179.8454820661007 0
796 -10.18336890709808 -133.191932260863 0
797 24.39633237570043 -207.0688796190719 0
798 20.49407464240973 -207.7592232092055 0
799 17.96714586216374 -204.6965981922604 0
800 16.60778517366338 -208.4016558458115 0
801 -6.798174231794835 -131.5974564151381 0
802 -7.174034454912543 -135.0707266194484 0
803 -4.110898917496549 -215.1591260262043 0
804 0.6144333670682052 6.136026579352472 0
805 0.06821810043414445 -1.682604648178494 0
806 0.06821810043417287 -9.501235875709165 0
807 0.06821810043419418 -17.31986710323981 0
808 0.06821810043421905 -25.13849833077054 0
809 0.06821810043424392 -32.95712955830132 0
810 0.06821810043426169 -40.775760785832 0
811 0.06821810043429366 -48.59439201336264 0
812 0.06821810043433274 -56.41302324089334 0
813 0.06821810043434695 -64.23165446842407 0
814 0.06821810043436471 -72.05028569595476 0
815 0.06821810043438248 -79.86891692348546 0
816 0.06821810043442866 -87.68754815101614 0
817 0.06821810043445353 -95.50617937854682 0
818 0.06821810043448195 -103.3248106060775 0
819 0.6144333670681945 -111.1434418336032 0
820 -19.72135445225073 -138.3315510281544 0
821 22.94524352659032 -211.0007094893329 0
822 28.5463234080416 -206.8446468429067 0
823 -1.196551776460097 -129.3039072616549 0
824 1.228237606926172 -115.1125301511521 0
825 -0.1627533741469982 2.22671096558695 0
826 0.02273936681117306 -5.59192026194439 0
827 0.02273936681109134 -13.41055148947527 0
828 0.02273936681093147 -29.04781394453718 0
829 0.02273936681101674 -21.22918271700622 0
830 0.02273936681084976 -36.86644517206809 0
831 0.02273936681077515 -44.68507639959901 0
832 0.0227393668107041 -52.50370762712997 0
833 0.02273936681062949 -60.32233885466088 0
834 0.02273936681054778 -68.14097008219177 0
835 0.02273936681046251 -75.95960130972276 0
836 0.02273936681039501 -83.77823253725366 0
837 0.0227393668103204 -91.59686376478454 0
838 0.02273936681023869 -99.4154949923155 0
839 -0.1627533741451046 -107.2341262198419 0
840 -18.66582270001929 -166.138015649417 0
841 -19.75845222397682 -159.4741158867019 0
842 -9.121199812557425 -140.8826830304298 0
843 6.956243497690895 -134.3568528225145 0
844 -13.63277599209515 -172.1324520731717 0
845 -15.04433757435904 -175.791045989119 0
846 -10.53560497609684 -144.2480605542195 0
847 4.461341893816293 -162.0025282307761 0
848 6.994181832357231 -164.9868657293713 0
849 -38.70259877702948 -190.0813729335421 0
850 -37.31066017980861 -186.4921424984483 0
851 -8.056716416429694 -147.2007159417614 0
852 9.835040958140496 -147.1983275511551 0
853 7.234559055844755 -144.3515282593041 0
854 -33.40487426403003 -185.832409611288 0
855 3.311363802491673 -155.2728331430974 0
856 -28.32604048046163 -191.9111370679283 0
857 12.3630065205645 -150.1957613587213 0
858 17.27345049939866 -166.6189032010778 0
859 13.3993584325015 -167.2987824183141 0
860 12.05475541144248 -171.0077017522288 0
861 9.52682924747949 -167.9851469918981 0
862 8.177770650974146 -171.6966070524349 0
863 5.644936161448403 -168.7104288314378 0
864 -20.34788283156917 -180.121884727489 0
865 -15.26606627090758 -186.1828855438361 0
866 -13.90671380721027 -182.4828151646452 0
867 19.47612599045825 -190.5288814123559 0
868 20.83484262198105 -186.812854131165 0
869 -10.19385274065807 -192.2342857582528 0
870 14.58687937093666 -174.0319655957351 0
871 6.833744054783153 -175.4102825742426 0
872 -26.22796948343738 -157.003316418405 0
873 19.32163470458334 -200.9886291410958 0
874 19.00974575045907 -211.6232272612997 0
875 15.17194880949997 -212.1293010212621 0
876 -19.35115004005489 -197.3077710505156 0
877 -2.423106495360638 -190.880082533792 0
878 35.22033956353154 -177.3127179043553 0
879 39.07489983991517 -176.6153212342788 0
880 27.4265059799238 -178.7008484147862 0
881 0.2830846416148702 -183.486996268557 0
882 16.93927445354806 -187.5031032939215 0
883 13.06261824515499 -188.1738173748092 0
884 -34.56627044501745 -179.1481385064342 0
885 -25.77837112309069 -205.3799801925735 0
886 -23.31438834554571 -208.4666438328131 0
887 11.58121239563219 -202.298055563647 0
888 -0.06950558352594882 -204.3439162457392 0
889 -31.84849497533459 -171.7108263173761 0
890 -11.35301928596138 -185.5120749815282 0
891 3.635405315570434 -213.9982687980709 0
892 7.519328799761677 -213.3169960167923 0
893 6.527870444801231 -217.2345975715043 0
894 12.2170752159036 -160.5742071831679 0
895 -7.834494399542045 -205.7206255935272 0
896 -39.46337223750767 -162.2937131290024 0
897 -38.08938602210598 -158.7032525641378 0
898 -5.903146957356576 -170.7918218081761 0
899 -19.52218712362372 -207.7624245991492 0
900 -30.48782597299409 -167.993267884259 0
901 -14.74278875158797 -214.1785095916607 0
902 -21.88352096879621 -194.2745143782089 0
903 16.37945259990772 -139.206300835491 0
904 20.61426097774495 -138.209128184368 0
905 14.02249653991809 -135.7314489576274 0
906 39.06317022039329 -187.2856576144466 0
907 37.76701945087969 -190.9470287253068 0
908 8.876371232461224 -209.6936070389872 0
909 28.43983416796734 -195.8987455145469 0
910 31.163019799257 -188.4672776251069 0
911 -42.18954628931665 -170.0397543885031 0
912 24.88437171092414 -175.681063662497 0
913 6.509569744740269 -196.2398094434298 0
914 35.36582484351243 -166.8966215912918 0
915 37.90978506238596 -169.9253334412579 0
916 -10.37876250742657 -202.6880835414186 0
917 18.30339193329409 -183.7843914117259 0
918 -2.233377747681082 -180.4776081118287 0
919 10.54456920453491 -185.1402928203118 0
920 26.38654356585631 -161.5417558621637 0
921 -34.19484335350945 -158.2123065134559 0
922 -36.59012761418028 -154.9394675749013 0
923 -38.79755118466487 -151.6181317718197 0
924 -2.602765361701512 -201.314608337839 0
925 37.87820701418516 -159.6217214447742 0
926 40.62046910294769 -162.4911164844834 0
927 -25.78669587010936 -194.9518033048935 0
928 27.72887872440315 -157.8301618495013 0
929 10.87250569170359 -164.2743468465742 0
930 26.22977617828458 -171.9752763345475 0
931 -6.692502975204494 -143.649101183591 0
932 33.73373888116099 -191.5249585984577 0
933 36.48388816778171 -194.6567445637972 0
934 38.97289466426754 -197.6885860835357 0
935 34.88396309928358 -198.1955667728309 0
936 39.37949087215718 -166.192881479472 0
937 41.87337613575677 -169.2717141949921 0
938 21.45035796230875 -145.1187899039954 0
939 -12.52173991150751 -178.8083993577717 0
940 -29.31253536304937 -174.7371028001946 0
941 -8.219906362441993 -157.4792104142949 0
942 -26.96403877177828 -188.2082297879158 0
943 41.85146048243418 -158.4133439354735 0
944 21.30264797691485 -155.5130920467594 0
945 32.37423484883318 -195.2283425851812 0
946 -16.45068558256722 -179.4623580663422 0
947 22.84839126619838 -141.6945917037853 0
948 -33.20442347447745 -175.4281056470799 0
949 -30.86388519803429 -188.8719818959213 0
950 -3.583056195674654 -184.1680442058124 0
951 -20.75327012837769 -142.481148571096 0
952 28.7685834267171 -174.9935629656975 0
953 -9.554106687848243 -161.1622609826182 0
954 -3.955674505733501 -205.0264858885714 0
955 25.18325980881756 -154.8227784303116 0
956 -4.930529296731766 -187.8606178716361 0
957 32.66454603775175 -174.3062251882614 0
958 4.309648343287776 -172.4071407256239 0
959 -7.051224618187124 -164.1438988436306 0
960 -5.309492133855684 -208.7448789080787 0
961 9.193589384384182 -188.8379705636034 0
962 3.126906927301927 -165.7148290807127 0
963 -17.04637861053583 -152.1953054350673 0
964 -8.826487632180374 -188.5359904144728 0
965 -6.653006723896532 -212.3845670655991 0
966 36.55035809963526 -173.6136724682273 0
967 -32.02656998144195 -182.1466007082606 0
968 11.72341322058317 -191.8726616036769 0
969 32.93054237502603 -153.4549860808097 0
970 36.98574897254192 -152.846301752418 0
971 34.07287086539901 -149.6446803337324 0
972 29.06004647983137 -154.1400225998788 0
973 10.37712286218345 -195.5644854246638 0
974 40.60641950379524 -173.0055239259649 0
975 43.01092015247563 -176.0300187322073 0
976 -18.37938061339186 -155.846917433868 0
977 12.91260132146532 -198.6067437457725 0
978 -35.93957155427496 -182.8264356954076 0
979 15.45830897984208 -201.6380062412347 0
980 -8.378296682470097 -167.8070666033688 0
981 -41.14998202247838 -187.0399245849005 0
982 -39.74342581200506 -183.5120511270852 0
983 -44.04404627500248 -183.9016721427584 0
984 1.952497005415353 -159.0260298750791 0
985 -23.73881127547743 -139.8276561711211 0
986 0.7623881008937303 -152.4095922568339 0
987 2.078074575556077 -148.7766670189414 0
988 9.732454998890262 -137.12221001088 0
989 14.09807337611465 -205.3285210365798 0
990 5.949600011301431 -147.9943941058538 0
991 -8.137119568229505 -216.3725425330899 0
992 12.73161186587233 -209.0470751048506 0
993 -12.23774127844079 -168.4846918712786 0
994 -20.09940131815949 -169.753359178143 0
995 11.34801272972651 -212.6512531449316 0
996 13.29246294452797 -215.6607816009561 0
997 -16.15892088550887 -169.1366253831302 0
998 -21.21802122674768 -163.0780990334092 0
999 4.671769587303068 -141.5098435833281 0
1000 -20.69855720951032 -211.3482775498222 0
1001 -24.70390609587236 -212.7192419148598 0
1002 41.98578275409564 -190.5204706571442 0
1003 -4.155966654482715 -136.4080067183923 0
1004 0.3092869731549328 -126.7309004870506 0
1005 -22.21537874406477 -156.4679897312905 0
1006 -44.58844020055545 -165.5311553855683 0
1007 -24.77776847068578 -153.4527147556005 0
1008 -17.08331154082336 -132.640443431684 0
1009 -40.21143116926292 -193.7312277564575 0
1010 -32.73452055708155 -154.5760859086258 0
1011 32.5156014754324 -205.8801532009897 0
1012 41.58832440849014 -179.9647327607161 0
1013 -28.7036222492201 -143.9870721111779 0
1014 16.99428132304882 -215.264741770524 0
1015 -34.55291756461896 -199.9426392358733 0
1016 8.525477845773707 -140.7078537625879 0
1017 10.68263567219122 -133.4465907674538 0
1018 44.47672092990607 -183.1662814028065 0
1019 -41.79795925827322 -158.5622688563124 0
1020 13.67955881517126 -131.3846920856434 0
1021 -33.20766905476741 -206.573519337845 0
1022 -26.94783220428753 -137.9373056201134 0
1023 -23.70044613441151 -136.0635986908774 0
1024 -45.43256584812919 -176.0856522896099 0
1025 -18.06757886207487 -217.1092932816112 0
1026 0.1556463196747054 -220.7101299056232 0
1027 -32.48837041675636 -142.7618678152792 0
1028 20.6126603277133 -134.072247954969 0
1029 23.85742867916093 -135.8783256376251 0
1030 -7.39626087525259 -220.2206908864691 0
1031 -10.89052669625849 -219.3487327056745 0
1032 -13.57537406867127 -135.0787194169408 0
1033 -28.74788275005551 -154.0574113389275 0
1034 -34.96356970497977 -151.5474901970064 0
1035 45.54016754940319 -168.9448537159862 0
1036 -3.83317929248949 -128.0942134815455 0
1037 -1.622517766486784 -119.7960848363034 0
1038 31.51837743753031 -146.6525648436604 0
1039 29.90727953510488 -140.2170491764509 0
1040 32.53462256558723 -142.9443445674348 0
1041 -36.95559263309259 -148.4007554731923 0
1042 -45.90406516452456 -169.0320420152354 0
1043 44.06254609544646 -161.6769747033301 0
1044 37.83349655904863 -201.0231469285732 0
1045 37.6433407564361 -148.8077438467976 0
1046 -26.96212884080585 -208.9721652637415 0
1047 0.5099667817177256 -121.7923982698368 0
1048 -31.98662416375941 -203.0396075177581 0
1049 7.450729760265066 -220.7203058685899 0
1050 24.84710781109046 -213.9827218782133 0
1051 -37.96323521927594 -200.4774056314027 0
1052 -41.76273600272339 -180.7972108454778 0
1053 2.138043977775144 -217.3804135003714 0
1054 9.929778178136552 -215.6090072927671 0
1055 -29.45883913089379 -205.9620983466625 0
1056 -44.48275725841926 -187.5402304154711 0
1057 17.81020880186033 -136.0842398985041 0
1058 -33.22347663894864 -148.4585187851575 0
1059 -11.74851221256447 -216.2328210700289 0
1060 46.28968596597706 -176.4178880525073 0
1061 -1.870642774280846 -217.7660537711286 0
1062 -17.25050835289153 -135.7526093497771 0
1063 -18.35842313461132 -213.6984970287444 0
1064 26.33670778506453 -141.1696292609132 0
1065 39.89595225399398 -151.2209760796998 0
1066 30.74262330285804 -209.36350326076 0
1067 33.07236314297651 -201.7136666979767 0
1068 15.04071675752968 -218.6183753473366 0
1069 -0.383807277142008 -124.325816226713 0
1070 -1.065933526454206 9.415435837048005 0
1071 -0.8964536441383864 -116.7983659884048 0
1072 -42.71330267294844 -173.9783961820626 0
1073 -7.656969140889917 -138.0047504534968 0
1074 7.600046194824813 -130.6599701652017 0
1075 -36.78386549874128 -196.4588593594168 0
1076 -28.17149734457204 -212.0574410767291 0
1077 -26.66063495835017 -140.9666711309002 0
1078 18.4402416685873 -217.9775683114244 0
1079 38.48951959795174 -156.4930150081096 0
1080 -4.030705781882851 -130.6586714966583 0
1081 -5.059253698198599 -133.5167523209248 0
1082 -1.195238277659264 -113.2953438109667 0
1083 -31.8127278616675 -145.6806046599389 0
1084 -5.345352367575138 -218.0714402628586 0
1085 24.0377340767739 -138.8680952767438 0
1086 -10.02014698628795 -135.9080191357628 0
1087 1.670370342351667 9.702512431891041 0
1088 41.29647624158392 -203.1181666720824 0
1089 -41.29647624477384 -203.1181666702448 0
1090 -5.000000000004391 -118.9473671788036 0
1091 4.999999999999975 -118.9473671787811 0
1092 -11.02843791802125 -126.2693650419371 0
1093 11.02843791829043 -126.2693650421817 0
1094 -5.000000000004253 -115.0086398003318 0
1095 4.999999999999975 -115.0086398003101 0
1096 43.39745782994981 -199.7528514761706 0
1097 -43.39745783162385 -199.7528514751719 0
1098 -5.000000000004128 -111.06991242186 0
1099 4.999999999999975 -111.069912421839 0
1100 38.93513064211586 -206.3062327981213 0
1101 -38.93513064338592 -206.30623280071 0
1102 -4.956334853594704 -107.1989887238646 0
1103 4.999999999999975 -107.1311850433679 0
1104 18.00000953309051 10.00000000000001 0
1105 -17.99999046690949 10.00000000000001 0
1106 -17.99999046690949 -10 0
1107 18.00000953309051 -10 0
1108 -17.1529682532795 -6.36661408885562 0
1109 -17.15296518597089 6.366453840848061 0
1110 15.59157970845159 -7.033814231003394 0
1111 15.59058994164915 7.033206345008619 0
1112 17.24638095171063 -5.636734228121483 0
1113 17.24626373105599 5.634599156170275 0
1114 -9.386226759691379 -0.3314561694999831 0
1115 15.12001104929991 4.793819854546243 0
1116 17.10399292475438 3.171258631992433 0
1117 15.12923893592652 -4.848215976287715 0
1118 -15.1928927609407 6.798855489071229 0
1119 -15.81413127333926 4.810258970065659 0
1120 -15.19329818380527 -6.798843689257914 0
1121 -15.77193736068389 -4.779148155172592 0
1122 -14.60785320205482 11.50742464778947 0
1123 -14.60907058625094 -11.50654497769311 0
1124 14.5633843647645 2.217244678504475 0
1125 14.17483026157504 -9.993801069343753 0
1126 14.17472354919587 9.99404630299553 0
1127 -13.57229902944758 -5.227907126505709 0
1128 -13.61311818465287 5.288683173526509 0
1129 -17.91453950552878 -4.386054976177586 0
1130 -16.48347366570171 -2.587440635150219 0
1131 -14.50155243117042 3.092281397484289 0
1132 -17.8403618382685 4.424246282665951 0
1133 17.14755089823545 -3.253216684693726 0
1134 13.53023094385598 -6.381802286867067 0
1135 13.54687217305675 6.511485605337626 0
1136 -13.117290924062 -7.847003640206133 0
1137 -13.1217314744303 7.856428419640865 0
1138 12.6124668234113 -3.80855629923477 0
1139 -18.88109233274285 -2.186104365090888 0
1140 14.07193847316581 -12.13865933115455 0
1141 14.07114715112972 12.13730339028996 0
1142 12.10371118784807 -10.96417074236127 0
1143 11.92389759128613 10.78439354290436 0
1144 -17.25862869725734 0.1088631631399686 0
1145 19.38171186456894 -4.339948956769991 0
1146 19.42253561330995 -1.558749068902426 0
1147 19.52659520596899 4.647440853634674 0
1148 -14.87625066571531 -0.6735272553810461 0
1149 -20.44169704146643 -6.807144547906436 0
1150 -20.43967636363936 12.74155173667467 0
1151 -20.31818152358829 7.093092313917817 0
1152 -20.42327155058505 -13.0362358018455 0
1153 -10.22108859922596 13.76747462471327 0
1154 -9.436509303744071 -11.79290443065443 0
1155 18.75342306749441 13.4585945929026 0
1156 19.41630941539858 -13.4394822871737 0
1157 -15.38690719528024 13.52145263158278 0
1158 -15.40459019748261 -13.55673431398052 0
1159 -19.96238891992421 0.1587050563763022 0
1160 -11.13616099250727 5.862271350839247 0
1161 -11.12347630707475 -5.848321242740251 0
1162 8.906250133099606 0.1477819053758118 0
1163 -12.74190434570935 -12.90356906049736 0
1164 17.08229444738229 -14.21547676351856 0
1165 12.02914302375193 13.64584843667223 0
1166 11.89454262481949 -13.53811811875705 0
1167 16.9140322838964 14.19817874387898 0
1168 21.99632291730214 11.95689353259304 0
1169 21.74096925260609 -8.076116927565323 0
1170 21.84479576265742 -12.00199671254666 0
1171 21.98648466214743 8.11438431883446 0
1172 -10.34706911272097 8.524476231799634 0
1173 -11.81275217608316 -3.179967980538159 0
1174 9.45512270788306 -8.216226766090099 0
1175 16.68818846328752 -0.2398037793882253 0
1176 9.424706229707123 8.182698139938813 0
1177 9.310004334893911 4.298098409790292 0
1178 13.84084409516781 -0.6892406829344822 0
1179 -18.56176413339234 -14.61934771168469 0
1180 -18.51022224179757 14.54817569981632 0
1181 -19.97876072011595 -4.520557574855459 0
1182 19.43305866031941 1.490835788602073 0
1183 -10.12268847091536 -8.660892009055793 0
1184 9.154317395989736 11.96023571358622 0
1185 22.12320731791151 -0.01238162158645295 0
1186 9.164742318387351 -11.90649057414517 0
1187 -22.51554783378367 3.678048807814697 0
1188 -8.819212058815879 -3.932906887061925 0
1189 9.142034798118765 -4.36667094957058 0
1190 -21.79429134430095 -9.928716115996433 0
1191 -21.62002844847478 10.7597806711348 0
1192 -12.35502739459519 -10.44357161494255 0
1193 -12.4873119548658 10.20969633042309 0
1194 -12.64677007408974 13.09117093107283 0
1195 -10.31062293949267 -15.24028832439271 0
1196 -9.177211767853436 -122.0920793509348 0
1197 9.17721176784508 -122.092079350912 0
1198 -9.134783907811993 3.500458593102977 0
1199 21.90365234219377 -14.92763649360175 0
1200 21.96062666977733 2.929607551587615 0
1201 21.85504694493137 14.82511910385411 0
1202 21.92302296406242 -2.935984000805966 0
1203 -14.20840491281297 -3.002935609795014 0
1204 -12.22459814372065 -0.5494121110478076 0
1205 -8.444872938530519 -119.3659527472184 0
1206 8.444872938526924 -119.3659527472048 0
1207 21.7913967066737 5.715674166844179 0
1208 11.81999173410504 1.438529373087132 0
1209 21.48215846699457 -5.617185301906456 0
1210 -16.61196659311605 2.626935296535464 0
1211 -9.98328935216534 11.20443382752218 0
1212 12.46206751000642 -8.247036750628606 0
1213 12.39533822934187 8.311750901033305 0
1214 14.31830555372054 -14.53369831663356 0
1215 -12.02605966262299 3.647218814353439 0
1216 -21.29084320685135 -15.50115871847039 0
1217 14.58536381354475 14.49870954408292 0
1218 -18.76158236936056 2.255667651866258 0
1219 -21.4919892440979 -2.295624147467148 0
1220 9.155766731026848 -15.19859917003399 0
1221 -21.25177234976261 15.45667451473575 0
1222 -14.8834997083561 -8.499172560038044 0
1223 -14.88350451738881 8.499162563670231 0
1224 -11.77077378675156 -123.2790706495567 0
1225 11.77077378661935 -123.2790706495421 0
1226 9.548157531193237 15.1166133051789 0
1227 -16.49280016725399 -15.65517679568504 0
1228 -13.73998352998772 -15.07115369891112 0
1229 -17.22674817292453 -13.387837611312 0
1230 -17.16422230263934 13.45808844960367 0
1231 -16.52630958998747 15.60416151315245 0
1232 -13.92704015031288 15.25712705801401 0
1233 19.45889980588264 -6.61955227760496 0
1234 18.772506716409 6.615387959170368 0
1235 -22.37351073719136 -4.923128997908041 0
1236 -22.4849436499073 0.6119468722106411 0
1237 -18.7556239921235 5.996751552367281 0
1238 -18.79772564428995 -5.977361674255263 0
1239 14.34631269805806 -8.136046235111298 0
1240 14.33607579192897 8.174853198417761 0
1241 15.08365784320573 -2.567806684507783 0
1242 -13.44460488561288 1.360603408946883 0
1243 19.05496699905459 -15.88640098863217 0
1244 11.41137634473788 -1.539069595830782 0
1245 15.83374582878847 -12.71638229646145 0
1246 15.82718412276563 12.73836934527832 0
1247 -8.592817110044805 -6.524443640994555 0
1248 -8.616364261216862 6.533754786622627 0
1249 12.54177382096079 4.230865433175389 0
1250 -20.24915020279304 4.561081441125932 0
1251 -11.48237176411202 15.83826702480934 0
1252 18.90307758177025 15.40316191914707 0
1253 -22.43944067609292 -7.780461083254092 0
1254 20.3877095785666 6.774600132148676 0
1255 8.01541109261866 -114.9271448107511 0
1256 -8.015411092631542 -114.9271448107512 0
1257 -11.32907489739359 1.540134732059858 0
1258 -8.528786547618349 15.37959721611915 0
1259 11.44373895759209 6.306979697855081 0
1260 20.48336403931449 13.11402669208236 0
1261 22.20894125381588 -10.01952841002798 0
1262 22.3082018948624 10.01781946285689 0
1263 11.83846368506792 -15.96003056638848 0
1264 15.79507001627479 -16.37156493868663 0
1265 -22.61301796078875 6.349211962709528 0
1266 -22.63611789049037 -13.55184883855674 0
1267 -15.4955429493003 1.070294313990711 0
1268 11.44038455665511 -6.204058610478224 0
1269 -22.65525531546026 12.86407674690565 0
1270 -21.58854943683939 -11.72813286276306 0
1271 -21.91567457329012 8.645172357095172 0
1272 0 15.96227810650882 0
1273 -20.83615496843495 2.2180789803534 0
1274 -14.11737893869827 -9.844372345246548 0
1275 -14.13657018276209 9.779387924760535 0
1276 -15.15255352062177 -123.9980130129217 0
1277 15.15255352057994 -123.9980130130612 0
1278 8.000981625378657 -103.0590447971896 0
1279 -8.000981625380764 -103.0590447971963 0
1280 15.99269607932444 16.1510669762788 0
1281 -8.001501845605532 -99.09894674849866 0
1282 8.001501845605031 -99.0989467484911 0
1283 8.001761555596232 -107.0193195003099 0
1284 -8.001761555600115 -107.0193195003178 0
1285 -8.002560693549238 -95.1381123631854 0
1286 8.002560693549015 -95.13811236317795 0
1287 8.002862108035814 -110.9801833280266 0
1288 -8.002862108040123 -110.980183328035 0
1289 -8.013862315682079 -91.18988485709785 0
1290 8.013862315689043 -91.18988485709787 0
1291 -8.146632899801961 12.8766733050354 0
$EndNodes
$Elements
2407
1 2 2 1 1 787 1047 4
2 2 2 1 1 117 1002 116
3 2 2 1 1 788 796 533
4 2 2 1 1 531 936 926
5 2 2 1 1 509 906 791
6 2 2 1 1 31 818 30
7 2 2 1 1 33 817 32
8 2 2 1 1 35 816 34
9 2 2 1 1 37 815 36
10 2 2 1 1 39 814 38
11 2 2 1 1 41 813 40
12 2 2 1 1 43 812 42
13 2 2 1 1 45 811 44
14 2 2 1 1 47 810 46
15 2 2 1 1 49 809 48
16 2 2 1 1 51 808 50
17 2 2 1 1 53 807 52
18 2 2 1 1 55 806 54
19 2 2 1 1 57 805 56
20 2 2 1 1 59 804 58
21 2 2 1 1 820 1023 502
22 2 2 1 1 511 1024 794
23 2 2 1 1 531 937 936
24 2 2 1 1 122 1011 121
25 2 2 1 1 515 974 937
26 2 2 1 1 146 1009 145
27 2 2 1 1 522 933 907
28 2 2 1 1 94 787 4
29 2 2 1 1 985 1023 820
30 2 2 1 1 797 822 523
31 2 2 1 1 167 788 533
32 2 2 1 1 138 1001 524
33 2 2 1 1 63 825 62
34 2 2 1 1 65 826 64
35 2 2 1 1 67 827 66
36 2 2 1 1 69 829 68
37 2 2 1 1 71 828 70
38 2 2 1 1 73 830 72
39 2 2 1 1 75 831 74
40 2 2 1 1 77 832 76
41 2 2 1 1 79 833 78
42 2 2 1 1 81 834 80
43 2 2 1 1 83 835 82
44 2 2 1 1 85 836 84
45 2 2 1 1 87 837 86
46 2 2 1 1 89 838 88
47 2 2 1 1 91 839 90
48 2 2 1 1 523 821 797
49 2 2 1 1 535 1004 823
50 2 2 1 1 535 1036 168
51 2 2 1 1 169 535 168
52 2 2 1 1 794 1052 511
53 2 2 1 1 507 896 790
54 2 2 1 1 139 1001 138
55 2 2 1 1 819 1082 29
56 2 2 1 1 790 1006 507
57 2 2 1 1 823 1036 535
58 2 2 1 1 791 1018 509
59 2 2 1 1 149 983 148
60 2 2 1 1 818 839 30
61 2 2 1 1 817 838 32
62 2 2 1 1 816 837 34
63 2 2 1 1 815 836 36
64 2 2 1 1 814 835 38
65 2 2 1 1 813 834 40
66 2 2 1 1 812 833 42
67 2 2 1 1 811 832 44
68 2 2 1 1 810 831 46
69 2 2 1 1 809 830 48
70 2 2 1 1 808 828 50
71 2 2 1 1 807 829 52
72 2 2 1 1 806 827 54
73 2 2 1 1 29 839 819
74 2 2 1 1 31 838 818
75 2 2 1 1 33 837 817
76 2 2 1 1 35 836 816
77 2 2 1 1 37 835 815
78 2 2 1 1 805 826 56
79 2 2 1 1 39 834 814
80 2 2 1 1 41 833 813
81 2 2 1 1 43 832 812
82 2 2 1 1 45 831 811
83 2 2 1 1 804 825 58
84 2 2 1 1 47 830 810
85 2 2 1 1 49 828 809
86 2 2 1 1 51 829 808
87 2 2 1 1 53 827 807
88 2 2 1 1 55 826 806
89 2 2 1 1 57 825 805
90 2 2 1 1 511 983 149
91 2 2 1 1 522 934 933
92 2 2 1 1 59 1070 804
93 2 2 1 1 116 1002 509
94 2 2 1 1 522 1002 117
95 2 2 1 1 785 822 740
96 2 2 1 1 27 1037 1
97 2 2 1 1 893 1054 532
98 2 2 1 1 1044 1067 935
99 2 2 1 1 532 1049 893
100 2 2 1 1 911 1006 790
101 2 2 1 1 905 1020 520
102 2 2 1 1 512 1067 1044
103 2 2 1 1 4 1047 754
104 2 2 1 1 515 975 974
105 2 2 1 1 911 1042 1006
106 2 2 1 1 805 825 63
107 2 2 1 1 62 825 804
108 2 2 1 1 806 826 65
109 2 2 1 1 64 826 805
110 2 2 1 1 807 827 67
111 2 2 1 1 66 827 806
112 2 2 1 1 808 829 69
113 2 2 1 1 68 829 807
114 2 2 1 1 70 828 808
115 2 2 1 1 809 828 71
116 2 2 1 1 72 830 809
117 2 2 1 1 810 830 73
118 2 2 1 1 811 831 75
119 2 2 1 1 74 831 810
120 2 2 1 1 812 832 77
121 2 2 1 1 76 832 811
122 2 2 1 1 78 833 812
123 2 2 1 1 813 833 79
124 2 2 1 1 80 834 813
125 2 2 1 1 814 834 81
126 2 2 1 1 82 835 814
127 2 2 1 1 815 835 83
128 2 2 1 1 84 836 815
129 2 2 1 1 816 836 85
130 2 2 1 1 86 837 816
131 2 2 1 1 817 837 87
132 2 2 1 1 88 838 817
133 2 2 1 1 818 838 89
134 2 2 1 1 819 839 91
135 2 2 1 1 90 839 818
136 2 2 1 1 740 822 797
137 2 2 1 1 121 1011 512
138 2 2 1 1 29 1082 28
139 2 2 1 1 145 1009 504
140 2 2 1 1 528 1009 146
141 2 2 1 1 503 874 821
142 2 2 1 1 122 1066 1011
143 2 2 1 1 6 788 167
144 2 2 1 1 907 1002 522
145 2 2 1 1 5 536 95
146 2 2 1 1 115 1018 114
147 2 2 1 1 508 1025 901
148 2 2 1 1 5 1074 536
149 2 2 1 1 937 1035 515
150 2 2 1 1 843 1074 1017
151 2 2 1 1 525 922 897
152 2 2 1 1 509 1002 906
153 2 2 1 1 156 1019 155
154 2 2 1 1 796 1086 1032
155 2 2 1 1 519 1004 787
156 2 2 1 1 108 943 107
157 2 2 1 1 27 1082 1071
158 2 2 1 1 1051 1075 1015
159 2 2 1 1 4 754 93
160 2 2 1 1 119 934 118
161 2 2 1 1 118 934 522
162 2 2 1 1 1017 1074 506
163 2 2 1 1 507 1019 896
164 2 2 1 1 788 801 796
165 2 2 1 1 1017 1020 905
166 2 2 1 1 1012 1018 791
167 2 2 1 1 1025 1063 901
168 2 2 1 1 517 1080 801
169 2 2 1 1 926 1043 531
170 2 2 1 1 530 1012 975
171 2 2 1 1 796 1032 533
172 2 2 1 1 897 1019 525
173 2 2 1 1 158 923 157
174 2 2 1 1 524 1001 1000
175 2 2 1 1 530 1018 1012
176 2 2 1 1 504 1075 1051
177 2 2 1 1 696 998 629
178 2 2 1 1 107 943 505
179 2 2 1 1 896 1019 897
180 2 2 1 1 801 802 796
181 2 2 1 1 821 1050 503
182 2 2 1 1 1028 1029 904
183 2 2 1 1 1024 1072 794
184 2 2 1 1 1032 1086 764
185 2 2 1 1 157 923 525
186 2 2 1 1 755 823 539
187 2 2 1 1 1030 1031 991
188 2 2 1 1 92 824 819
189 2 2 1 1 531 1035 937
190 2 2 1 1 841 998 696
191 2 2 1 1 114 1018 530
192 2 2 1 1 509 1018 115
193 2 2 1 1 539 823 537
194 2 2 1 1 768 1048 1015
195 2 2 1 1 671 1003 543
196 2 2 1 1 28 1082 27
197 2 2 1 1 785 1011 822
198 2 2 1 1 520 1057 905
199 2 2 1 1 96 506 5
200 2 2 1 1 525 1019 156
201 2 2 1 1 155 1019 507
202 2 2 1 1 671 1073 1003
203 2 2 1 1 975 1060 530
204 2 2 1 1 167 533 166
205 2 2 1 1 1036 1080 517
206 2 2 1 1 502 1062 820
207 2 2 1 1 168 1036 517
208 2 2 1 1 757 984 855
209 2 2 1 1 750 988 905
210 2 2 1 1 1010 1033 690
211 2 2 1 1 823 1004 537
212 2 2 1 1 1014 1068 996
213 2 2 1 1 783 1040 1038
214 2 2 1 1 853 990 578
215 2 2 1 1 30 839 29
216 2 2 1 1 32 838 31
217 2 2 1 1 34 837 33
218 2 2 1 1 36 836 35
219 2 2 1 1 38 835 37
220 2 2 1 1 40 834 39
221 2 2 1 1 42 833 41
222 2 2 1 1 44 832 43
223 2 2 1 1 46 831 45
224 2 2 1 1 48 830 47
225 2 2 1 1 50 828 49
226 2 2 1 1 52 829 51
227 2 2 1 1 54 827 53
228 2 2 1 1 56 826 55
229 2 2 1 1 58 825 57
230 2 2 1 1 506 1074 5
231 2 2 1 1 934 935 933
232 2 2 1 1 525 923 922
233 2 2 1 1 503 1014 874
234 2 2 1 1 537 1004 519
235 2 2 1 1 505 1079 970
236 2 2 1 1 855 984 553
237 2 2 1 1 872 1005 696
238 2 2 1 1 848 962 847
239 2 2 1 1 714 845 713
240 2 2 1 1 749 1016 750
241 2 2 1 1 844 845 714
242 2 2 1 1 1014 1078 1068
243 2 2 1 1 671 931 842
244 2 2 1 1 994 997 714
245 2 2 1 1 786 945 935
246 2 2 1 1 847 962 557
247 2 2 1 1 872 1007 1005
248 2 2 1 1 935 945 933
249 2 2 1 1 541 755 539
250 2 2 1 1 629 998 628
251 2 2 1 1 970 1065 505
252 2 2 1 1 1003 1073 802
253 2 2 1 1 866 890 865
254 2 2 1 1 725 890 866
255 2 2 1 1 533 1032 1008
256 2 2 1 1 971 1045 970
257 2 2 1 1 852 990 853
258 2 2 1 1 547 931 545
259 2 2 1 1 578 990 987
260 2 2 1 1 763 764 712
261 2 2 1 1 855 986 762
262 2 2 1 1 1046 1055 885
263 2 2 1 1 840 994 628
264 2 2 1 1 840 997 994
265 2 2 1 1 679 846 636
266 2 2 1 1 594 851 549
267 2 2 1 1 1038 1040 518
268 2 2 1 1 863 962 848
269 2 2 1 1 845 946 713
270 2 2 1 1 861 863 848
271 2 2 1 1 511 1052 983
272 2 2 1 1 986 987 762
273 2 2 1 1 862 958 863
274 2 2 1 1 846 851 636
275 2 2 1 1 545 931 671
276 2 2 1 1 549 851 547
277 2 2 1 1 628 998 840
278 2 2 1 1 851 931 547
279 2 2 1 1 636 851 594
280 2 2 1 1 663 964 869
281 2 2 1 1 987 990 762
282 2 2 1 1 842 931 846
283 2 2 1 1 764 842 712
284 2 2 1 1 852 857 733
285 2 2 1 1 578 999 853
286 2 2 1 1 848 929 861
287 2 2 1 1 568 871 571
288 2 2 1 1 847 984 757
289 2 2 1 1 523 1050 821
290 2 2 1 1 865 890 663
291 2 2 1 1 693 857 852
292 2 2 1 1 939 946 845
293 2 2 1 1 1015 1048 527
294 2 2 1 1 863 958 561
295 2 2 1 1 861 929 859
296 2 2 1 1 866 946 939
297 2 2 1 1 675 862 860
298 2 2 1 1 866 939 725
299 2 2 1 1 533 1008 166
300 2 2 1 1 860 870 675
301 2 2 1 1 712 846 679
302 2 2 1 1 661 857 693
303 2 2 1 1 565 871 568
304 2 2 1 1 988 1017 905
305 2 2 1 1 1031 1059 991
306 2 2 1 1 713 946 864
307 2 2 1 1 571 871 675
308 2 2 1 1 635 636 594
309 2 2 1 1 890 964 663
310 2 2 1 1 693 852 749
311 2 2 1 1 1013 1027 529
312 2 2 1 1 923 1034 922
313 2 2 1 1 852 853 749
314 2 2 1 1 906 1002 907
315 2 2 1 1 545 671 543
316 2 2 1 1 882 917 868
317 2 2 1 1 882 883 678
318 2 2 1 1 693 749 697
319 2 2 1 1 675 871 862
320 2 2 1 1 657 949 854
321 2 2 1 1 715 859 858
322 2 2 1 1 711 855 762
323 2 2 1 1 793 1033 1010
324 2 2 1 1 854 949 780
325 2 2 1 1 883 919 678
326 2 2 1 1 715 858 588
327 2 2 1 1 715 860 859
328 2 2 1 1 553 986 855
329 2 2 1 1 640 927 856
330 2 2 1 1 614 864 666
331 2 2 1 1 678 917 882
332 2 2 1 1 711 762 733
333 2 2 1 1 715 870 860
334 2 2 1 1 27 1071 1037
335 2 2 1 1 710 712 679
336 2 2 1 1 658 682 659
337 2 2 1 1 782 948 884
338 2 2 1 1 711 733 682
339 2 2 1 1 666 866 865
340 2 2 1 1 749 750 697
341 2 2 1 1 710 763 712
342 2 2 1 1 588 858 596
343 2 2 1 1 859 929 662
344 2 2 1 1 658 659 631
345 2 2 1 1 616 864 614
346 2 2 1 1 666 865 612
347 2 2 1 1 757 855 711
348 2 2 1 1 692 711 682
349 2 2 1 1 630 658 631
350 2 2 1 1 593 869 716
351 2 2 1 1 675 870 575
352 2 2 1 1 659 857 661
353 2 2 1 1 860 861 859
354 2 2 1 1 867 868 647
355 2 2 1 1 871 958 862
356 2 2 1 1 856 927 769
357 2 2 1 1 619 868 598
358 2 2 1 1 575 870 580
359 2 2 1 1 600 869 593
360 2 2 1 1 661 693 673
361 2 2 1 1 649 867 647
362 2 2 1 1 647 868 619
363 2 2 1 1 604 662 630
364 2 2 1 1 862 863 861
365 2 2 1 1 582 877 577
366 2 2 1 1 586 715 588
367 2 2 1 1 658 692 682
368 2 2 1 1 624 714 713
369 2 2 1 1 604 630 605
370 2 2 1 1 624 713 622
371 2 2 1 1 630 631 605
372 2 2 1 1 894 929 758
373 2 2 1 1 718 916 895
374 2 2 1 1 577 877 677
375 2 2 1 1 623 624 622
376 2 2 1 1 692 757 711
377 2 2 1 1 662 894 630
378 2 2 1 1 655 872 696
379 2 2 1 1 860 862 861
380 2 2 1 1 610 663 608
381 2 2 1 1 612 865 610
382 2 2 1 1 884 948 643
383 2 2 1 1 889 900 626
384 2 2 1 1 635 641 636
385 2 2 1 1 867 882 868
386 2 2 1 1 627 628 625
387 2 2 1 1 758 929 848
388 2 2 1 1 655 696 629
389 2 2 1 1 942 949 657
390 2 2 1 1 580 870 586
391 2 2 1 1 596 858 604
392 2 2 1 1 772 773 700
393 2 2 1 1 738 900 889
394 2 2 1 1 610 865 663
395 2 2 1 1 858 859 662
396 2 2 1 1 692 894 758
397 2 2 1 1 622 864 616
398 2 2 1 1 586 588 587
399 2 2 1 1 658 894 692
400 2 2 1 1 614 666 612
401 2 2 1 1 895 916 633
402 2 2 1 1 621 622 616
403 2 2 1 1 902 927 640
404 2 2 1 1 778 856 769
405 2 2 1 1 608 869 600
406 2 2 1 1 765 927 902
407 2 2 1 1 701 772 700
408 2 2 1 1 596 604 603
409 2 2 1 1 717 898 656
410 2 2 1 1 641 679 636
411 2 2 1 1 586 870 715
412 2 2 1 1 609 610 608
413 2 2 1 1 700 867 649
414 2 2 1 1 850 854 780
415 2 2 1 1 731 774 761
416 2 2 1 1 664 700 649
417 2 2 1 1 663 869 608
418 2 2 1 1 557 984 847
419 2 2 1 1 569 881 566
420 2 2 1 1 868 917 598
421 2 2 1 1 623 625 624
422 2 2 1 1 621 623 622
423 2 2 1 1 799 873 741
424 2 2 1 1 593 716 591
425 2 2 1 1 611 612 610
426 2 2 1 1 607 608 600
427 2 2 1 1 798 799 741
428 2 2 1 1 765 876 676
429 2 2 1 1 591 877 582
430 2 2 1 1 627 629 628
431 2 2 1 1 773 867 700
432 2 2 1 1 597 880 618
433 2 2 1 1 571 675 575
434 2 2 1 1 707 765 676
435 2 2 1 1 695 717 656
436 2 2 1 1 713 864 622
437 2 2 1 1 637 928 920
438 2 2 1 1 604 858 662
439 2 2 1 1 664 701 700
440 2 2 1 1 638 888 601
441 2 2 1 1 682 857 659
442 2 2 1 1 693 697 673
443 2 2 1 1 758 847 757
444 2 2 1 1 869 964 716
445 2 2 1 1 604 605 603
446 2 2 1 1 580 586 585
447 2 2 1 1 773 883 882
448 2 2 1 1 777 778 769
449 2 2 1 1 798 800 799
450 2 2 1 1 768 769 766
451 2 2 1 1 632 913 735
452 2 2 1 1 607 609 608
453 2 2 1 1 573 881 569
454 2 2 1 1 613 614 612
455 2 2 1 1 779 780 778
456 2 2 1 1 618 880 645
457 2 2 1 1 920 928 721
458 2 2 1 1 645 771 687
459 2 2 1 1 854 967 657
460 2 2 1 1 588 596 595
461 2 2 1 1 147 528 146
462 2 2 1 1 138 524 137
463 2 2 1 1 143 527 142
464 2 2 1 1 129 532 128
465 2 2 1 1 157 525 156
466 2 2 1 1 114 530 113
467 2 2 1 1 121 512 120
468 2 2 1 1 152 526 151
469 2 2 1 1 124 523 123
470 2 2 1 1 136 508 135
471 2 2 1 1 141 516 140
472 2 2 1 1 101 510 100
473 2 2 1 1 162 529 161
474 2 2 1 1 98 520 97
475 2 2 1 1 104 518 103
476 2 2 1 1 150 511 149
477 2 2 1 1 112 515 111
478 2 2 1 1 116 509 115
479 2 2 1 1 145 504 144
480 2 2 1 1 155 507 154
481 2 2 1 1 107 505 106
482 2 2 1 1 126 503 125
483 2 2 1 1 160 513 159
484 2 2 1 1 165 502 164
485 2 2 1 1 133 521 132
486 2 2 1 1 131 514 130
487 2 2 1 1 110 531 109
488 2 2 1 1 118 522 117
489 2 2 1 1 80 813 79
490 2 2 1 1 86 816 85
491 2 2 1 1 74 810 73
492 2 2 1 1 66 806 65
493 2 2 1 1 64 805 63
494 2 2 1 1 88 817 87
495 2 2 1 1 90 818 89
496 2 2 1 1 92 819 91
497 2 2 1 1 82 814 81
498 2 2 1 1 62 804 61
499 2 2 1 1 68 807 67
500 2 2 1 1 70 808 69
501 2 2 1 1 76 811 75
502 2 2 1 1 78 812 77
503 2 2 1 1 72 809 71
504 2 2 1 1 84 815 83
505 2 2 1 1 1 534 169
506 2 2 1 1 577 677 573
507 2 2 1 1 669 888 638
508 2 2 1 1 864 946 666
509 2 2 1 1 609 611 610
510 2 2 1 1 646 647 619
511 2 2 1 1 611 613 612
512 2 2 1 1 849 850 780
513 2 2 1 1 707 766 765
514 2 2 1 1 703 728 669
515 2 2 1 1 874 875 800
516 2 2 1 1 664 873 701
517 2 2 1 1 632 735 639
518 2 2 1 1 588 595 587
519 2 2 1 1 856 949 942
520 2 2 1 1 590 591 582
521 2 2 1 1 648 649 647
522 2 2 1 1 798 874 800
523 2 2 1 1 716 877 591
524 2 2 1 1 689 738 737
525 2 2 1 1 782 795 794
526 2 2 1 1 748 782 781
527 2 2 1 1 738 748 747
528 2 2 1 1 586 587 585
529 2 2 1 1 768 777 769
530 2 2 1 1 653 718 691
531 2 2 1 1 652 664 649
532 2 2 1 1 718 720 719
533 2 2 1 1 797 798 741
534 2 2 1 1 645 880 771
535 2 2 1 1 690 872 655
536 2 2 1 1 740 741 684
537 2 2 1 1 733 990 852
538 2 2 1 1 777 779 778
539 2 2 1 1 592 593 591
540 2 2 1 1 615 616 614
541 2 2 1 1 662 929 894
542 2 2 1 1 653 916 718
543 2 2 1 1 708 786 785
544 2 2 1 1 779 849 780
545 2 2 1 1 677 881 573
546 2 2 1 1 771 878 687
547 2 2 1 1 856 942 640
548 2 2 1 1 773 882 867
549 2 2 1 1 630 894 658
550 2 2 1 1 607 876 609
551 2 2 1 1 695 844 717
552 2 2 1 1 620 621 616
553 2 2 1 1 626 627 625
554 2 2 1 1 733 857 682
555 2 2 1 1 782 884 795
556 2 2 1 1 674 676 642
557 2 2 1 1 646 648 647
558 2 2 1 1 599 600 593
559 2 2 1 1 728 888 669
560 2 2 1 1 684 873 664
561 2 2 1 1 706 707 676
562 2 2 1 1 741 873 684
563 2 2 1 1 703 734 728
564 2 2 1 1 606 607 600
565 2 2 1 1 765 902 876
566 2 2 1 1 782 794 781
567 2 2 1 1 767 768 766
568 2 2 1 1 735 887 639
569 2 2 1 1 800 989 799
570 2 2 1 1 613 615 614
571 2 2 1 1 738 889 748
572 2 2 1 1 769 927 766
573 2 2 1 1 665 698 617
574 2 2 1 1 590 592 591
575 2 2 1 1 821 874 798
576 2 2 1 1 648 652 649
577 2 2 1 1 718 719 691
578 2 2 1 1 650 721 683
579 2 2 1 1 652 684 664
580 2 2 1 1 748 781 747
581 2 2 1 1 596 603 602
582 2 2 1 1 740 797 741
583 2 2 1 1 797 821 798
584 2 2 1 1 720 756 719
585 2 2 1 1 721 723 722
586 2 2 1 1 738 747 737
587 2 2 1 1 654 655 629
588 2 2 1 1 597 598 584
589 2 2 1 1 702 892 891
590 2 2 1 1 707 767 766
591 2 2 1 1 589 632 601
592 2 2 1 1 555 953 941
593 2 2 1 1 708 909 786
594 2 2 1 1 692 758 757
595 2 2 1 1 668 669 638
596 2 2 1 1 744 745 686
597 2 2 1 1 618 645 644
598 2 2 1 1 615 620 616
599 2 2 1 1 706 886 885
600 2 2 1 1 910 932 685
601 2 2 1 1 659 660 631
602 2 2 1 1 618 619 598
603 2 2 1 1 702 703 669
604 2 2 1 1 645 687 686
605 2 2 1 1 620 643 621
606 2 2 1 1 606 653 642
607 2 2 1 1 674 706 676
608 2 2 1 1 572 573 569
609 2 2 1 1 632 639 638
610 2 2 1 1 676 876 642
611 2 2 1 1 639 670 668
612 2 2 1 1 689 900 738
613 2 2 1 1 696 1005 841
614 2 2 1 1 592 599 593
615 2 2 1 1 719 784 691
616 2 2 1 1 576 583 581
617 2 2 1 1 687 746 744
618 2 2 1 1 644 646 619
619 2 2 1 1 652 708 684
620 2 2 1 1 758 848 847
621 2 2 1 1 606 642 607
622 2 2 1 1 706 885 707
623 2 2 1 1 599 606 600
624 2 2 1 1 718 895 720
625 2 2 1 1 623 626 625
626 2 2 1 1 568 571 570
627 2 2 1 1 642 876 607
628 2 2 1 1 611 640 613
629 2 2 1 1 759 803 734
630 2 2 1 1 653 691 674
631 2 2 1 1 615 657 620
632 2 2 1 1 687 878 746
633 2 2 1 1 708 740 684
634 2 2 1 1 896 897 736
635 2 2 1 1 576 577 573
636 2 2 1 1 708 785 740
637 2 2 1 1 659 661 660
638 2 2 1 1 646 685 648
639 2 2 1 1 581 582 577
640 2 2 1 1 589 590 582
641 2 2 1 1 703 759 734
642 2 2 1 1 653 674 642
643 2 2 1 1 639 887 670
644 2 2 1 1 567 656 563
645 2 2 1 1 745 932 910
646 2 2 1 1 575 580 579
647 2 2 1 1 571 575 574
648 2 2 1 1 654 689 688
649 2 2 1 1 892 893 891
650 2 2 1 1 580 585 584
651 2 2 1 1 689 737 736
652 2 2 1 1 592 633 599
653 2 2 1 1 681 739 705
654 2 2 1 1 668 702 669
655 2 2 1 1 645 686 644
656 2 2 1 1 579 678 574
657 2 2 1 1 687 744 686
658 2 2 1 1 639 668 638
659 2 2 1 1 707 885 767
660 2 2 1 1 688 690 655
661 2 2 1 1 746 791 744
662 2 2 1 1 597 618 598
663 2 2 1 1 627 654 629
664 2 2 1 1 702 891 703
665 2 2 1 1 618 644 619
666 2 2 1 1 878 879 746
667 2 2 1 1 747 790 737
668 2 2 1 1 632 638 601
669 2 2 1 1 665 699 698
670 2 2 1 1 93 824 92
671 2 2 1 1 721 722 683
672 2 2 1 1 589 601 590
673 2 2 1 1 596 602 595
674 2 2 1 1 581 589 582
675 2 2 1 1 585 597 584
676 2 2 1 1 906 907 745
677 2 2 1 1 580 584 579
678 2 2 1 1 723 789 722
679 2 2 1 1 722 743 683
680 2 2 1 1 576 581 577
681 2 2 1 1 575 579 574
682 2 2 1 1 562 565 564
683 2 2 1 1 605 637 603
684 2 2 1 1 941 953 729
685 2 2 1 1 572 576 573
686 2 2 1 1 626 900 627
687 2 2 1 1 562 563 560
688 2 2 1 1 587 912 585
689 2 2 1 1 571 574 570
690 2 2 1 1 568 570 569
691 2 2 1 1 689 736 688
692 2 2 1 1 650 665 617
693 2 2 1 1 565 568 566
694 2 2 1 1 570 572 569
695 2 2 1 1 558 561 560
696 2 2 1 1 602 617 595
697 2 2 1 1 694 695 656
698 2 2 1 1 737 896 736
699 2 2 1 1 731 761 760
700 2 2 1 1 568 569 566
701 2 2 1 1 727 775 752
702 2 2 1 1 654 688 655
703 2 2 1 1 770 890 725
704 2 2 1 1 602 650 617
705 2 2 1 1 650 683 665
706 2 2 1 1 703 891 759
707 2 2 1 1 597 912 880
708 2 2 1 1 724 770 725
709 2 2 1 1 564 567 563
710 2 2 1 1 558 559 556
711 2 2 1 1 627 900 654
712 2 2 1 1 875 992 800
713 2 2 1 1 876 902 609
714 2 2 1 1 897 922 921
715 2 2 1 1 565 566 564
716 2 2 1 1 567 724 694
717 2 2 1 1 775 783 752
718 2 2 1 1 609 902 611
719 2 2 1 1 784 899 691
720 2 2 1 1 567 694 656
721 2 2 1 1 562 564 563
722 2 2 1 1 654 900 689
723 2 2 1 1 585 912 597
724 2 2 1 1 691 899 674
725 2 2 1 1 706 899 886
726 2 2 1 1 846 931 851
727 2 2 1 1 702 908 892
728 2 2 1 1 744 906 745
729 2 2 1 1 752 753 732
730 2 2 1 1 561 562 560
731 2 2 1 1 790 896 737
732 2 2 1 1 650 920 721
733 2 2 1 1 634 729 667
734 2 2 1 1 590 924 592
735 2 2 1 1 888 924 601
736 2 2 1 1 756 901 719
737 2 2 1 1 674 899 706
738 2 2 1 1 729 731 730
739 2 2 1 1 724 725 694
740 2 2 1 1 554 557 556
741 2 2 1 1 766 927 765
742 2 2 1 1 719 901 784
743 2 2 1 1 560 898 559
744 2 2 1 1 670 908 668
745 2 2 1 1 695 845 844
746 2 2 1 1 745 910 686
747 2 2 1 1 646 910 685
748 2 2 1 1 589 913 632
749 2 2 1 1 648 909 652
750 2 2 1 1 914 936 915
751 2 2 1 1 644 910 646
752 2 2 1 1 558 560 559
753 2 2 1 1 781 911 747
754 2 2 1 1 601 924 590
755 2 2 1 1 598 917 584
756 2 2 1 1 652 909 708
757 2 2 1 1 583 913 581
758 2 2 1 1 611 902 640
759 2 2 1 1 603 920 602
760 2 2 1 1 606 916 653
761 2 2 1 1 791 906 744
762 2 2 1 1 731 953 774
763 2 2 1 1 685 909 648
764 2 2 1 1 550 553 552
765 2 2 1 1 668 908 702
766 2 2 1 1 881 918 566
767 2 2 1 1 592 924 633
768 2 2 1 1 599 916 606
769 2 2 1 1 643 948 940
770 2 2 1 1 925 926 743
771 2 2 1 1 686 910 644
772 2 2 1 1 721 928 723
773 2 2 1 1 914 915 699
774 2 2 1 1 557 558 556
775 2 2 1 1 747 911 790
776 2 2 1 1 581 913 589
777 2 2 1 1 554 555 552
778 2 2 1 1 633 916 599
779 2 2 1 1 897 921 736
780 2 2 1 1 637 920 603
781 2 2 1 1 779 1009 849
782 2 2 1 1 661 673 672
783 2 2 1 1 800 992 989
784 2 2 1 1 584 917 579
785 2 2 1 1 698 930 617
786 2 2 1 1 743 936 914
787 2 2 1 1 665 914 699
788 2 2 1 1 579 917 678
789 2 2 1 1 761 840 760
790 2 2 1 1 780 949 778
791 2 2 1 1 595 930 587
792 2 2 1 1 550 552 551
793 2 2 1 1 563 898 560
794 2 2 1 1 727 752 732
795 2 2 1 1 743 914 683
796 2 2 1 1 688 921 690
797 2 2 1 1 683 914 665
798 2 2 1 1 961 968 583
799 2 2 1 1 656 898 563
800 2 2 1 1 617 930 595
801 2 2 1 1 602 920 650
802 2 2 1 1 554 556 555
803 2 2 1 1 566 918 564
804 2 2 1 1 907 933 932
805 2 2 1 1 678 919 574
806 2 2 1 1 722 925 743
807 2 2 1 1 564 918 567
808 2 2 1 1 748 948 782
809 2 2 1 1 574 919 570
810 2 2 1 1 731 760 730
811 2 2 1 1 570 919 572
812 2 2 1 1 643 940 621
813 2 2 1 1 936 937 915
814 2 2 1 1 736 921 688
815 2 2 1 1 789 925 722
816 2 2 1 1 760 841 730
817 2 2 1 1 626 940 889
818 2 2 1 1 727 732 726
819 2 2 1 1 553 554 552
820 2 2 1 1 561 962 863
821 2 2 1 1 907 932 745
822 2 2 1 1 567 918 724
823 2 2 1 1 587 930 912
824 2 2 1 1 623 940 626
825 2 2 1 1 548 550 549
826 2 2 1 1 697 709 673
827 2 2 1 1 640 942 613
828 2 2 1 1 729 730 667
829 2 2 1 1 615 942 657
830 2 2 1 1 672 726 660
831 2 2 1 1 842 846 712
832 2 2 1 1 750 905 903
833 2 2 1 1 672 727 726
834 2 2 1 1 751 793 792
835 2 2 1 1 725 939 694
836 2 2 1 1 695 939 845
837 2 2 1 1 550 551 549
838 2 2 1 1 661 672 660
839 2 2 1 1 926 936 743
840 2 2 1 1 716 956 877
841 2 2 1 1 621 940 623
842 2 2 1 1 933 945 932
843 2 2 1 1 694 939 695
844 2 2 1 1 750 1016 988
845 2 2 1 1 940 948 889
846 2 2 1 1 551 594 549
847 2 2 1 1 660 944 631
848 2 2 1 1 880 952 771
849 2 2 1 1 727 938 775
850 2 2 1 1 631 944 605
851 2 2 1 1 605 944 637
852 2 2 1 1 613 942 615
853 2 2 1 1 728 960 954
854 2 2 1 1 546 548 547
855 2 2 1 1 750 903 697
856 2 2 1 1 742 776 704
857 2 2 1 1 634 667 635
858 2 2 1 1 918 950 724
859 2 2 1 1 881 950 918
860 2 2 1 1 548 549 547
861 2 2 1 1 666 946 866
862 2 2 1 1 726 944 660
863 2 2 1 1 973 977 735
864 2 2 1 1 751 792 742
865 2 2 1 1 709 938 673
866 2 2 1 1 673 938 672
867 2 2 1 1 709 947 938
868 2 2 1 1 925 943 926
869 2 2 1 1 705 751 742
870 2 2 1 1 728 954 888
871 2 2 1 1 551 634 594
872 2 2 1 1 952 957 771
873 2 2 1 1 634 635 594
874 2 2 1 1 672 938 727
875 2 2 1 1 772 968 773
876 2 2 1 1 909 945 786
877 2 2 1 1 681 705 704
878 2 2 1 1 680 710 679
879 2 2 1 1 938 947 775
880 2 2 1 1 555 941 552
881 2 2 1 1 903 904 709
882 2 2 1 1 634 941 729
883 2 2 1 1 771 957 878
884 2 2 1 1 778 949 856
885 2 2 1 1 552 941 551
886 2 2 1 1 932 945 685
887 2 2 1 1 685 945 909
888 2 2 1 1 875 995 992
889 2 2 1 1 705 742 704
890 2 2 1 1 677 950 881
891 2 2 1 1 565 958 871
892 2 2 1 1 546 547 545
893 2 2 1 1 562 958 565
894 2 2 1 1 697 903 709
895 2 2 1 1 556 959 555
896 2 2 1 1 889 948 748
897 2 2 1 1 576 961 583
898 2 2 1 1 544 546 545
899 2 2 1 1 681 704 680
900 2 2 1 1 883 961 919
901 2 2 1 1 724 950 770
902 2 2 1 1 544 578 546
903 2 2 1 1 558 962 561
904 2 2 1 1 528 981 849
905 2 2 1 1 714 997 844
906 2 2 1 1 641 681 680
907 2 2 1 1 954 960 895
908 2 2 1 1 633 954 895
909 2 2 1 1 854 978 967
910 2 2 1 1 904 947 709
911 2 2 1 1 924 954 633
912 2 2 1 1 657 967 620
913 2 2 1 1 677 956 950
914 2 2 1 1 551 941 634
915 2 2 1 1 919 961 572
916 2 2 1 1 883 968 961
917 2 2 1 1 930 952 912
918 2 2 1 1 698 952 930
919 2 2 1 1 944 955 637
920 2 2 1 1 957 966 878
921 2 2 1 1 888 954 924
922 2 2 1 1 729 953 731
923 2 2 1 1 637 955 928
924 2 2 1 1 641 680 679
925 2 2 1 1 878 966 879
926 2 2 1 1 950 956 770
927 2 2 1 1 912 952 880
928 2 2 1 1 544 545 543
929 2 2 1 1 698 957 952
930 2 2 1 1 555 959 953
931 2 2 1 1 877 956 677
932 2 2 1 1 542 544 543
933 2 2 1 1 641 963 681
934 2 2 1 1 723 972 969
935 2 2 1 1 734 960 728
936 2 2 1 1 913 973 735
937 2 2 1 1 726 955 944
938 2 2 1 1 734 965 960
939 2 2 1 1 732 955 726
940 2 2 1 1 681 963 739
941 2 2 1 1 716 964 956
942 2 2 1 1 772 977 973
943 2 2 1 1 561 958 562
944 2 2 1 1 710 820 763
945 2 2 1 1 953 959 774
946 2 2 1 1 955 972 928
947 2 2 1 1 799 979 873
948 2 2 1 1 699 957 698
949 2 2 1 1 559 959 556
950 2 2 1 1 967 978 884
951 2 2 1 1 572 961 576
952 2 2 1 1 803 965 734
953 2 2 1 1 635 963 641
954 2 2 1 1 969 970 789
955 2 2 1 1 895 960 720
956 2 2 1 1 960 965 720
957 2 2 1 1 542 543 541
958 2 2 1 1 557 962 558
959 2 2 1 1 776 951 704
960 2 2 1 1 966 974 879
961 2 2 1 1 770 964 890
962 2 2 1 1 841 976 730
963 2 2 1 1 699 966 957
964 2 2 1 1 969 972 753
965 2 2 1 1 624 994 714
966 2 2 1 1 732 972 955
967 2 2 1 1 720 965 756
968 2 2 1 1 2 1070 59
969 2 2 1 1 717 980 898
970 2 2 1 1 969 971 970
971 2 2 1 1 519 787 94
972 2 2 1 1 850 982 978
973 2 2 1 1 974 975 879
974 2 2 1 1 643 967 884
975 2 2 1 1 680 951 710
976 2 2 1 1 628 994 625
977 2 2 1 1 915 966 699
978 2 2 1 1 620 967 643
979 2 2 1 1 928 972 723
980 2 2 1 1 704 951 680
981 2 2 1 1 773 968 883
982 2 2 1 1 667 963 635
983 2 2 1 1 554 984 557
984 2 2 1 1 723 969 789
985 2 2 1 1 550 986 553
986 2 2 1 1 540 542 541
987 2 2 1 1 772 973 968
988 2 2 1 1 753 972 732
989 2 2 1 1 981 983 982
990 2 2 1 1 956 964 770
991 2 2 1 1 844 993 717
992 2 2 1 1 60 1070 2
993 2 2 1 1 963 976 739
994 2 2 1 1 583 973 913
995 2 2 1 1 779 1075 1009
996 2 2 1 1 667 976 963
997 2 2 1 1 915 974 966
998 2 2 1 1 978 982 795
999 2 2 1 1 540 651 542
1000 2 2 1 1 937 974 915
1001 2 2 1 1 753 971 969
1002 2 2 1 1 532 1054 996
1003 2 2 1 1 844 997 993
1004 2 2 1 1 850 978 854
1005 2 2 1 1 559 980 959
1006 2 2 1 1 578 987 546
1007 2 2 1 1 730 976 667
1008 2 2 1 1 710 951 820
1009 2 2 1 1 959 980 774
1010 2 2 1 1 701 977 772
1011 2 2 1 1 154 1006 153
1012 2 2 1 1 507 1006 154
1013 2 2 1 1 735 977 887
1014 2 2 1 1 840 998 760
1015 2 2 1 1 717 993 980
1016 2 2 1 1 968 973 583
1017 2 2 1 1 977 979 887
1018 2 2 1 1 701 979 977
1019 2 2 1 1 540 843 651
1020 2 2 1 1 849 981 850
1021 2 2 1 1 873 979 701
1022 2 2 1 1 884 978 795
1023 2 2 1 1 898 980 559
1024 2 2 1 1 553 984 554
1025 2 2 1 1 548 986 550
1026 2 2 1 1 546 987 548
1027 2 2 1 1 784 1000 899
1028 2 2 1 1 95 519 94
1029 2 2 1 1 843 988 651
1030 2 2 1 1 875 996 995
1031 2 2 1 1 1045 1065 970
1032 2 2 1 1 762 990 733
1033 2 2 1 1 799 989 979
1034 2 2 1 1 548 987 986
1035 2 2 1 1 874 1014 875
1036 2 2 1 1 1007 1033 751
1037 2 2 1 1 544 999 578
1038 2 2 1 1 887 989 670
1039 2 2 1 1 989 992 670
1040 2 2 1 1 651 1016 999
1041 2 2 1 1 540 541 539
1042 2 2 1 1 670 992 908
1043 2 2 1 1 980 993 774
1044 2 2 1 1 774 993 761
1045 2 2 1 1 776 985 951
1046 2 2 1 1 705 1007 751
1047 2 2 1 1 981 982 850
1048 2 2 1 1 625 994 624
1049 2 2 1 1 1000 1001 886
1050 2 2 1 1 803 991 965
1051 2 2 1 1 908 995 892
1052 2 2 1 1 992 995 908
1053 2 2 1 1 993 997 761
1054 2 2 1 1 951 985 820
1055 2 2 1 1 965 991 756
1056 2 2 1 1 651 999 542
1057 2 2 1 1 543 1003 541
1058 2 2 1 1 922 1034 1010
1059 2 2 1 1 764 1073 842
1060 2 2 1 1 542 999 544
1061 2 2 1 1 761 997 840
1062 2 2 1 1 979 989 887
1063 2 2 1 1 921 1010 690
1064 2 2 1 1 746 1012 791
1065 2 2 1 1 760 998 841
1066 2 2 1 1 996 1068 532
1067 2 2 1 1 541 1003 755
1068 2 2 1 1 975 1012 879
1069 2 2 1 1 516 1055 1046
1070 2 2 1 1 742 1013 776
1071 2 2 1 1 538 843 540
1072 2 2 1 1 899 1000 886
1073 2 2 1 1 853 1016 749
1074 2 2 1 1 999 1016 853
1075 2 2 1 1 841 1005 976
1076 2 2 1 1 849 1009 528
1077 2 2 1 1 534 535 169
1078 2 2 1 1 911 1072 526
1079 2 2 1 1 983 1056 148
1080 2 2 1 1 872 1033 1007
1081 2 2 1 1 108 1043 943
1082 2 2 1 1 739 1007 705
1083 2 2 1 1 971 1038 518
1084 2 2 1 1 1005 1007 739
1085 2 2 1 1 526 1042 911
1086 2 2 1 1 822 1066 523
1087 2 2 1 1 976 1005 739
1088 2 2 1 1 514 1053 893
1089 2 2 1 1 1022 1023 985
1090 2 2 1 1 1009 1075 504
1091 2 2 1 1 783 1038 752
1092 2 2 1 1 690 1033 872
1093 2 2 1 1 1041 1058 1034
1094 2 2 1 1 843 1017 988
1095 2 2 1 1 767 1048 768
1096 2 2 1 1 922 1010 921
1097 2 2 1 1 166 1008 165
1098 2 2 1 1 165 1008 502
1099 2 2 1 1 538 540 539
1100 2 2 1 1 879 1012 746
1101 2 2 1 1 754 824 93
1102 2 2 1 1 792 1013 742
1103 2 2 1 1 158 1041 923
1104 2 2 1 1 1029 1085 904
1105 2 2 1 1 886 1046 885
1106 2 2 1 1 139 1076 1001
1107 2 2 1 1 753 1038 971
1108 2 2 1 1 1013 1083 1027
1109 2 2 1 1 119 1044 934
1110 2 2 1 1 768 1015 777
1111 2 2 1 1 983 1052 982
1112 2 2 1 1 875 1014 996
1113 2 2 1 1 893 1053 891
1114 2 2 1 1 892 1054 893
1115 2 2 1 1 1011 1066 822
1116 2 2 1 1 1026 1053 514
1117 2 2 1 1 764 1086 1073
1118 2 2 1 1 934 1044 935
1119 2 2 1 1 901 1059 508
1120 2 2 1 1 904 1057 1028
1121 2 2 1 1 935 1067 786
1122 2 2 1 1 988 1016 651
1123 2 2 1 1 795 1052 794
1124 2 2 1 1 763 1032 764
1125 2 2 1 1 520 1020 97
1126 2 2 1 1 97 1020 96
1127 2 2 1 1 162 1022 529
1128 2 2 1 1 164 1023 163
1129 2 2 1 1 163 1022 162
1130 2 2 1 1 502 1023 164
1131 2 2 1 1 98 1028 520
1132 2 2 1 1 510 1029 100
1133 2 2 1 1 134 1030 133
1134 2 2 1 1 100 1029 99
1135 2 2 1 1 133 1030 521
1136 2 2 1 1 150 1024 511
1137 2 2 1 1 135 1031 134
1138 2 2 1 1 508 1031 135
1139 2 2 1 1 524 1025 137
1140 2 2 1 1 529 1027 161
1141 2 2 1 1 137 1025 136
1142 2 2 1 1 521 1026 132
1143 2 2 1 1 132 1026 131
1144 2 2 1 1 131 1026 514
1145 2 2 1 1 141 1021 516
1146 2 2 1 1 527 1021 142
1147 2 2 1 1 161 1027 160
1148 2 2 1 1 142 1021 141
1149 2 2 1 1 136 1025 508
1150 2 2 1 1 160 1027 513
1151 2 2 1 1 151 1024 150
1152 2 2 1 1 526 1024 151
1153 2 2 1 1 99 1028 98
1154 2 2 1 1 1032 1062 1008
1155 2 2 1 1 1026 1061 1053
1156 2 2 1 1 905 1057 903
1157 2 2 1 1 893 1049 514
1158 2 2 1 1 947 1064 775
1159 2 2 1 1 1 1037 534
1160 2 2 1 1 515 1035 111
1161 2 2 1 1 110 1035 531
1162 2 2 1 1 751 1033 793
1163 2 2 1 1 518 1045 971
1164 2 2 1 1 781 1072 911
1165 2 2 1 1 168 517 6
1166 2 2 1 1 824 1082 819
1167 2 2 1 1 101 1039 510
1168 2 2 1 1 111 1035 110
1169 2 2 1 1 970 1079 789
1170 2 2 1 1 518 1040 103
1171 2 2 1 1 538 539 537
1172 2 2 1 1 925 1079 943
1173 2 2 1 1 943 1079 505
1174 2 2 1 1 159 1041 158
1175 2 2 1 1 152 1042 526
1176 2 2 1 1 1071 1082 824
1177 2 2 1 1 923 1041 1034
1178 2 2 1 1 1010 1034 793
1179 2 2 1 1 531 1043 109
1180 2 2 1 1 104 1045 518
1181 2 2 1 1 120 1044 119
1182 2 2 1 1 129 1049 532
1183 2 2 1 1 514 1049 130
1184 2 2 1 1 124 1050 523
1185 2 2 1 1 503 1050 125
1186 2 2 1 1 513 1058 1041
1187 2 2 1 1 515 1060 975
1188 2 2 1 1 755 1080 823
1189 2 2 1 1 504 1051 144
1190 2 2 1 1 143 1051 527
1191 2 2 1 1 996 1054 995
1192 2 2 1 1 535 1069 1004
1193 2 2 1 1 752 1038 753
1194 2 2 1 1 102 1039 101
1195 2 2 1 1 1080 1081 801
1196 2 2 1 1 901 1063 784
1197 2 2 1 1 103 1040 102
1198 2 2 1 1 147 1056 528
1199 2 2 1 1 506 1020 1017
1200 2 2 1 1 513 1041 159
1201 2 2 1 1 530 1060 113
1202 2 2 1 1 112 1060 515
1203 2 2 1 1 153 1042 152
1204 2 2 1 1 505 1065 106
1205 2 2 1 1 523 1066 123
1206 2 2 1 1 532 1068 128
1207 2 2 1 1 163 1023 1022
1208 2 2 1 1 985 1077 1022
1209 2 2 1 1 947 1085 1064
1210 2 2 1 1 99 1029 1028
1211 2 2 1 1 1004 1069 787
1212 2 2 1 1 134 1031 1030
1213 2 2 1 1 943 1043 926
1214 2 2 1 1 528 1056 981
1215 2 2 1 1 1021 1055 516
1216 2 2 1 1 109 1043 108
1217 2 2 1 1 516 1076 140
1218 2 2 1 1 1015 1075 777
1219 2 2 1 1 991 1059 756
1220 2 2 1 1 517 801 788
1221 2 2 1 1 126 1078 503
1222 2 2 1 1 512 1044 120
1223 2 2 1 1 105 1045 104
1224 2 2 1 1 130 1049 129
1225 2 2 1 1 517 788 6
1226 2 2 1 1 125 1050 124
1227 2 2 1 1 1001 1046 886
1228 2 2 1 1 538 1074 843
1229 2 2 1 1 785 1067 1011
1230 2 2 1 1 1011 1067 512
1231 2 2 1 1 527 1051 1015
1232 2 2 1 1 1006 1042 153
1233 2 2 1 1 1048 1055 1021
1234 2 2 1 1 144 1051 143
1235 2 2 1 1 95 536 519
1236 2 2 1 1 820 1062 763
1237 2 2 1 1 96 1020 506
1238 2 2 1 1 891 1053 759
1239 2 2 1 1 756 1059 901
1240 2 2 1 1 1039 1040 783
1241 2 2 1 1 804 1087 61
1242 2 2 1 1 102 1040 1039
1243 2 2 1 1 759 1061 803
1244 2 2 1 1 536 538 537
1245 2 2 1 1 982 1052 795
1246 2 2 1 1 784 1063 1000
1247 2 2 1 1 793 1058 792
1248 2 2 1 1 526 1072 1024
1249 2 2 1 1 885 1055 767
1250 2 2 1 1 776 1077 985
1251 2 2 1 1 503 1078 1014
1252 2 2 1 1 536 537 519
1253 2 2 1 1 995 1054 892
1254 2 2 1 1 981 1056 983
1255 2 2 1 1 148 1056 147
1256 2 2 1 1 904 1085 947
1257 2 2 1 1 903 1057 904
1258 2 2 1 1 1000 1063 524
1259 2 2 1 1 842 1073 671
1260 2 2 1 1 991 1084 1030
1261 2 2 1 1 527 1048 1021
1262 2 2 1 1 792 1083 1013
1263 2 2 1 1 113 1060 112
1264 2 2 1 1 1013 1077 776
1265 2 2 1 1 775 1064 783
1266 2 2 1 1 106 1065 105
1267 2 2 1 1 123 1066 122
1268 2 2 1 1 786 1067 785
1269 2 2 1 1 128 1068 127
1270 2 2 1 1 763 1062 1032
1271 2 2 1 1 1046 1076 516
1272 2 2 1 1 1061 1084 803
1273 2 2 1 1 105 1065 1045
1274 2 2 1 1 754 1071 824
1275 2 2 1 1 1037 1047 534
1276 2 2 1 1 534 1069 535
1277 2 2 1 1 1053 1061 759
1278 2 2 1 1 1028 1057 520
1279 2 2 1 1 794 1072 781
1280 2 2 1 1 1047 1069 534
1281 2 2 1 1 801 1081 802
1282 2 2 1 1 787 1069 1047
1283 2 2 1 1 529 1077 1013
1284 2 2 1 1 3 1087 60
1285 2 2 1 1 777 1075 779
1286 2 2 1 1 140 1076 139
1287 2 2 1 1 754 1047 1037
1288 2 2 1 1 1034 1058 793
1289 2 2 1 1 1008 1062 502
1290 2 2 1 1 521 1084 1061
1291 2 2 1 1 1039 1064 510
1292 2 2 1 1 1064 1085 510
1293 2 2 1 1 767 1055 1048
1294 2 2 1 1 508 1059 1031
1295 2 2 1 1 521 1061 1026
1296 2 2 1 1 61 1087 3
1297 2 2 1 1 127 1078 126
1298 2 2 1 1 524 1063 1025
1299 2 2 1 1 802 1086 796
1300 2 2 1 1 1003 1081 755
1301 2 2 1 1 789 1079 925
1302 2 2 1 1 803 1084 991
1303 2 2 1 1 783 1064 1039
1304 2 2 1 1 802 1081 1003
1305 2 2 1 1 755 1081 1080
1306 2 2 1 1 1070 1087 804
1307 2 2 1 1 1068 1078 127
1308 2 2 1 1 536 1074 538
1309 2 2 1 1 1001 1076 1046
1310 2 2 1 1 1022 1077 529
1311 2 2 1 1 1027 1083 513
1312 2 2 1 1 1030 1084 521
1313 2 2 1 1 510 1085 1029
1314 2 2 1 1 1058 1083 792
1315 2 2 1 1 1037 1071 754
1316 2 2 1 1 823 1080 1036
1317 2 2 1 1 513 1083 1058
1318 2 2 1 1 1073 1086 802
1319 2 2 1 1 60 1087 1070
1320 2 2 2 2 2 202 8
1321 2 2 2 2 9 205 3
1322 2 2 2 2 59 202 2
1323 2 2 2 2 205 61 3
1324 2 2 2 2 287 1101 142
1325 2 2 2 2 262 1096 118
1326 2 2 2 2 30 1102 173
1327 2 2 2 2 234 1103 90
1328 2 2 2 2 121 1100 265
1329 2 2 2 2 171 1098 28
1330 2 2 2 2 92 1099 236
1331 2 2 2 2 145 1097 290
1332 2 2 2 2 313 1092 167
1333 2 2 2 2 96 1093 239
1334 2 2 2 2 170 1094 27
1335 2 2 2 2 93 1095 237
1336 2 2 2 2 120 1088 264
1337 2 2 2 2 288 1089 143
1338 2 2 2 2 238 95 94
1339 2 2 2 2 314 169 168
1340 2 2 2 2 7 1090 1
1341 2 2 2 2 4 1091 10
1342 2 2 2 2 263 1088 119
1343 2 2 2 2 144 1089 289
1344 2 2 2 2 27 1090 170
1345 2 2 2 2 237 1091 93
1346 2 2 2 2 6 1092 12
1347 2 2 2 2 11 1093 5
1348 2 2 2 2 28 1094 171
1349 2 2 2 2 236 1095 92
1350 2 2 2 2 289 1097 144
1351 2 2 2 2 29 1098 172
1352 2 2 2 2 235 1099 91
1353 2 2 2 2 264 1100 120
1354 2 2 2 2 91 1103 235
1355 2 2 2 2 172 1102 29
1356 2 2 2 2 119 1096 263
1357 2 2 2 2 143 1101 288
1358 2 2 2 2 1 1090 27
1359 2 2 2 2 93 1091 4
1360 2 2 2 2 5 1093 96
1361 2 2 2 2 167 1092 6
1362 2 2 2 2 170 1090 7
1363 2 2 2 2 10 1091 237
1364 2 2 2 2 239 1093 11
1365 2 2 2 2 12 1092 313
1366 2 2 2 2 27 1094 28
1367 2 2 2 2 28 1098 29
1368 2 2 2 2 29 1102 30
1369 2 2 2 2 90 1103 91
1370 2 2 2 2 91 1099 92
1371 2 2 2 2 92 1095 93
1372 2 2 2 2 253 109 252
1373 2 2 2 2 118 1096 119
1374 2 2 2 2 119 1088 120
1375 2 2 2 2 120 1100 121
1376 2 2 2 2 142 1101 143
1377 2 2 2 2 143 1089 144
1378 2 2 2 2 144 1097 145
1379 2 2 2 2 171 1094 170
1380 2 2 2 2 172 1098 171
1381 2 2 2 2 173 1102 172
1382 2 2 2 2 235 1103 234
1383 2 2 2 2 236 1099 235
1384 2 2 2 2 237 1095 236
1385 2 2 2 2 263 1096 262
1386 2 2 2 2 264 1088 263
1387 2 2 2 2 265 1100 264
1388 2 2 2 2 288 1101 287
1389 2 2 2 2 289 1089 288
1390 2 2 2 2 290 1097 289
1391 2 2 2 2 1 169 7
1392 2 2 2 2 8 203 2
1393 2 2 2 2 2 203 60
1394 2 2 2 2 3 204 9
1395 2 2 2 2 60 204 3
1396 2 2 2 2 10 94 4
1397 2 2 2 2 5 95 11
1398 2 2 2 2 12 168 6
1399 2 2 2 2 7 169 314
1400 2 2 2 2 238 94 10
1401 2 2 2 2 11 95 238
1402 2 2 2 2 314 168 12
1403 2 2 2 2 30 173 31
1404 2 2 2 2 31 174 32
1405 2 2 2 2 173 174 31
1406 2 2 2 2 32 175 33
1407 2 2 2 2 174 175 32
1408 2 2 2 2 33 176 34
1409 2 2 2 2 33 175 176
1410 2 2 2 2 34 177 35
1411 2 2 2 2 176 177 34
1412 2 2 2 2 35 178 36
1413 2 2 2 2 177 178 35
1414 2 2 2 2 36 179 37
1415 2 2 2 2 178 179 36
1416 2 2 2 2 37 180 38
1417 2 2 2 2 179 180 37
1418 2 2 2 2 38 181 39
1419 2 2 2 2 38 180 181
1420 2 2 2 2 39 182 40
1421 2 2 2 2 181 182 39
1422 2 2 2 2 40 183 41
1423 2 2 2 2 40 182 183
1424 2 2 2 2 41 184 42
1425 2 2 2 2 41 183 184
1426 2 2 2 2 42 185 43
1427 2 2 2 2 42 184 185
1428 2 2 2 2 43 186 44
1429 2 2 2 2 43 185 186
1430 2 2 2 2 44 187 45
1431 2 2 2 2 44 186 187
1432 2 2 2 2 45 188 46
1433 2 2 2 2 45 187 188
1434 2 2 2 2 46 189 47
1435 2 2 2 2 46 188 189
1436 2 2 2 2 47 190 48
1437 2 2 2 2 47 189 190
1438 2 2 2 2 48 191 49
1439 2 2 2 2 48 190 191
1440 2 2 2 2 49 192 50
1441 2 2 2 2 49 191 192
1442 2 2 2 2 50 193 51
1443 2 2 2 2 50 192 193
1444 2 2 2 2 51 194 52
1445 2 2 2 2 51 193 194
1446 2 2 2 2 52 195 53
1447 2 2 2 2 52 194 195
1448 2 2 2 2 53 196 54
1449 2 2 2 2 53 195 196
1450 2 2 2 2 54 197 55
1451 2 2 2 2 196 197 54
1452 2 2 2 2 55 198 56
1453 2 2 2 2 197 198 55
1454 2 2 2 2 56 199 57
1455 2 2 2 2 198 199 56
1456 2 2 2 2 57 200 58
1457 2 2 2 2 199 200 57
1458 2 2 2 2 58 201 59
1459 2 2 2 2 200 201 58
1460 2 2 2 2 201 202 59
1461 2 2 2 2 203 204 60
1462 2 2 2 2 206 62 61
1463 2 2 2 2 206 61 205
1464 2 2 2 2 207 63 62
1465 2 2 2 2 207 62 206
1466 2 2 2 2 208 64 63
1467 2 2 2 2 208 63 207
1468 2 2 2 2 209 65 64
1469 2 2 2 2 209 64 208
1470 2 2 2 2 210 66 65
1471 2 2 2 2 210 65 209
1472 2 2 2 2 211 67 66
1473 2 2 2 2 211 66 210
1474 2 2 2 2 212 68 67
1475 2 2 2 2 212 67 211
1476 2 2 2 2 213 69 68
1477 2 2 2 2 213 68 212
1478 2 2 2 2 214 70 69
1479 2 2 2 2 214 69 213
1480 2 2 2 2 215 71 70
1481 2 2 2 2 215 70 214
1482 2 2 2 2 216 72 71
1483 2 2 2 2 216 71 215
1484 2 2 2 2 217 73 72
1485 2 2 2 2 217 72 216
1486 2 2 2 2 218 74 73
1487 2 2 2 2 218 73 217
1488 2 2 2 2 219 75 74
1489 2 2 2 2 219 74 218
1490 2 2 2 2 220 76 75
1491 2 2 2 2 220 75 219
1492 2 2 2 2 221 77 76
1493 2 2 2 2 221 76 220
1494 2 2 2 2 222 78 77
1495 2 2 2 2 222 77 221
1496 2 2 2 2 223 79 78
1497 2 2 2 2 223 78 222
1498 2 2 2 2 224 80 79
1499 2 2 2 2 224 79 223
1500 2 2 2 2 225 81 80
1501 2 2 2 2 225 80 224
1502 2 2 2 2 226 82 81
1503 2 2 2 2 226 81 225
1504 2 2 2 2 227 83 82
1505 2 2 2 2 227 82 226
1506 2 2 2 2 228 84 83
1507 2 2 2 2 228 83 227
1508 2 2 2 2 229 85 84
1509 2 2 2 2 229 84 228
1510 2 2 2 2 86 85 230
1511 2 2 2 2 230 85 229
1512 2 2 2 2 86 231 87
1513 2 2 2 2 86 230 231
1514 2 2 2 2 87 232 88
1515 2 2 2 2 87 231 232
1516 2 2 2 2 88 233 89
1517 2 2 2 2 88 232 233
1518 2 2 2 2 89 234 90
1519 2 2 2 2 89 233 234
1520 2 2 2 2 240 97 96
1521 2 2 2 2 240 96 239
1522 2 2 2 2 241 98 97
1523 2 2 2 2 241 97 240
1524 2 2 2 2 242 99 98
1525 2 2 2 2 242 98 241
1526 2 2 2 2 243 100 99
1527 2 2 2 2 243 99 242
1528 2 2 2 2 244 101 100
1529 2 2 2 2 244 100 243
1530 2 2 2 2 245 102 101
1531 2 2 2 2 245 101 244
1532 2 2 2 2 246 103 102
1533 2 2 2 2 246 102 245
1534 2 2 2 2 247 104 103
1535 2 2 2 2 247 103 246
1536 2 2 2 2 248 105 104
1537 2 2 2 2 248 104 247
1538 2 2 2 2 249 106 105
1539 2 2 2 2 249 105 248
1540 2 2 2 2 250 107 106
1541 2 2 2 2 250 106 249
1542 2 2 2 2 251 108 107
1543 2 2 2 2 251 107 250
1544 2 2 2 2 252 109 108
1545 2 2 2 2 252 108 251
1546 2 2 2 2 253 110 109
1547 2 2 2 2 254 111 110
1548 2 2 2 2 254 110 253
1549 2 2 2 2 255 112 111
1550 2 2 2 2 255 111 254
1551 2 2 2 2 256 113 112
1552 2 2 2 2 256 112 255
1553 2 2 2 2 257 114 113
1554 2 2 2 2 257 113 256
1555 2 2 2 2 258 115 114
1556 2 2 2 2 258 114 257
1557 2 2 2 2 259 116 115
1558 2 2 2 2 259 115 258
1559 2 2 2 2 260 117 116
1560 2 2 2 2 260 116 259
1561 2 2 2 2 261 118 117
1562 2 2 2 2 261 117 260
1563 2 2 2 2 262 118 261
1564 2 2 2 2 266 122 121
1565 2 2 2 2 266 121 265
1566 2 2 2 2 267 123 122
1567 2 2 2 2 267 122 266
1568 2 2 2 2 268 124 123
1569 2 2 2 2 268 123 267
1570 2 2 2 2 269 125 124
1571 2 2 2 2 269 124 268
1572 2 2 2 2 270 126 125
1573 2 2 2 2 270 125 269
1574 2 2 2 2 271 127 126
1575 2 2 2 2 271 126 270
1576 2 2 2 2 272 128 127
1577 2 2 2 2 272 127 271
1578 2 2 2 2 273 129 128
1579 2 2 2 2 273 128 272
1580 2 2 2 2 274 130 129
1581 2 2 2 2 274 129 273
1582 2 2 2 2 275 131 130
1583 2 2 2 2 275 130 274
1584 2 2 2 2 276 132 131
1585 2 2 2 2 276 131 275
1586 2 2 2 2 277 133 132
1587 2 2 2 2 277 132 276
1588 2 2 2 2 278 134 133
1589 2 2 2 2 278 133 277
1590 2 2 2 2 279 135 134
1591 2 2 2 2 279 134 278
1592 2 2 2 2 280 136 135
1593 2 2 2 2 280 135 279
1594 2 2 2 2 281 137 136
1595 2 2 2 2 281 136 280
1596 2 2 2 2 282 138 137
1597 2 2 2 2 282 137 281
1598 2 2 2 2 283 139 138
1599 2 2 2 2 283 138 282
1600 2 2 2 2 284 140 139
1601 2 2 2 2 284 139 283
1602 2 2 2 2 285 141 140
1603 2 2 2 2 285 140 284
1604 2 2 2 2 286 142 141
1605 2 2 2 2 286 141 285
1606 2 2 2 2 287 142 286
1607 2 2 2 2 291 146 145
1608 2 2 2 2 291 145 290
1609 2 2 2 2 292 147 146
1610 2 2 2 2 292 146 291
1611 2 2 2 2 293 148 147
1612 2 2 2 2 293 147 292
1613 2 2 2 2 294 149 148
1614 2 2 2 2 294 148 293
1615 2 2 2 2 295 150 149
1616 2 2 2 2 295 149 294
1617 2 2 2 2 296 151 150
1618 2 2 2 2 296 150 295
1619 2 2 2 2 297 152 151
1620 2 2 2 2 297 151 296
1621 2 2 2 2 298 153 152
1622 2 2 2 2 298 152 297
1623 2 2 2 2 299 154 153
1624 2 2 2 2 299 153 298
1625 2 2 2 2 300 155 154
1626 2 2 2 2 300 154 299
1627 2 2 2 2 301 156 155
1628 2 2 2 2 301 155 300
1629 2 2 2 2 302 157 156
1630 2 2 2 2 302 156 301
1631 2 2 2 2 303 158 157
1632 2 2 2 2 303 157 302
1633 2 2 2 2 304 159 158
1634 2 2 2 2 304 158 303
1635 2 2 2 2 305 160 159
1636 2 2 2 2 305 159 304
1637 2 2 2 2 306 161 160
1638 2 2 2 2 306 160 305
1639 2 2 2 2 307 162 161
1640 2 2 2 2 307 161 306
1641 2 2 2 2 308 163 162
1642 2 2 2 2 308 162 307
1643 2 2 2 2 309 164 163
1644 2 2 2 2 309 163 308
1645 2 2 2 2 310 165 164
1646 2 2 2 2 310 164 309
1647 2 2 2 2 311 166 165
1648 2 2 2 2 311 165 310
1649 2 2 2 2 312 167 166
1650 2 2 2 2 312 166 311
1651 2 2 2 2 313 167 312
1652 2 2 3 3 13 1104 320
1653 2 2 3 3 320 1104 319
1654 2 2 3 3 315 1104 13
1655 2 2 3 3 319 1104 318
1656 2 2 3 3 316 1104 315
1657 2 2 3 3 318 1104 317
1658 2 2 3 3 317 1104 316
1659 2 2 3 4 321 1105 14
1660 2 2 3 4 14 1105 326
1661 2 2 3 4 322 1105 321
1662 2 2 3 4 326 1105 325
1663 2 2 3 4 323 1105 322
1664 2 2 3 4 325 1105 324
1665 2 2 3 4 324 1105 323
1666 2 2 3 5 15 1106 332
1667 2 2 3 5 332 1106 331
1668 2 2 3 5 327 1106 15
1669 2 2 3 5 331 1106 330
1670 2 2 3 5 328 1106 327
1671 2 2 3 5 330 1106 329
1672 2 2 3 5 329 1106 328
1673 2 2 3 6 338 1107 337
1674 2 2 3 6 16 1107 338
1675 2 2 3 6 337 1107 336
1676 2 2 3 6 333 1107 16
1677 2 2 3 6 336 1107 335
1678 2 2 3 6 334 1107 333
1679 2 2 3 6 335 1107 334
1680 2 2 4 7 302 387 301
1681 2 2 4 7 251 441 250
1682 2 2 4 7 196 1195 195
1683 2 2 4 7 386 387 302
1684 2 2 4 7 250 441 442
1685 2 2 4 7 366 367 177
1686 2 2 4 7 461 462 230
1687 2 2 4 7 1154 1192 1163
1688 2 2 4 7 492 1226 1165
1689 2 2 4 7 178 366 177
1690 2 2 4 7 230 462 229
1691 2 2 4 7 365 366 178
1692 2 2 4 7 462 463 229
1693 2 2 4 7 496 497 203
1694 2 2 4 7 494 495 204
1695 2 2 4 7 179 365 178
1696 2 2 4 7 229 463 228
1697 2 2 4 7 364 365 179
1698 2 2 4 7 463 464 228
1699 2 2 4 7 180 364 179
1700 2 2 4 7 228 464 227
1701 2 2 4 7 363 364 180
1702 2 2 4 7 464 465 227
1703 2 2 4 7 1174 1186 1142
1704 2 2 4 7 181 363 180
1705 2 2 4 7 227 465 226
1706 2 2 4 7 181 362 363
1707 2 2 4 7 465 466 226
1708 2 2 4 7 194 19 350
1709 2 2 4 7 213 478 24
1710 2 2 4 7 264 427 263
1711 2 2 4 7 289 401 288
1712 2 2 4 7 182 362 181
1713 2 2 4 7 226 466 225
1714 2 2 4 7 263 427 428
1715 2 2 4 7 289 400 401
1716 2 2 4 7 195 19 194
1717 2 2 4 7 212 213 24
1718 2 2 4 7 182 361 362
1719 2 2 4 7 466 467 225
1720 2 2 4 7 183 361 182
1721 2 2 4 7 225 467 224
1722 2 2 4 7 183 360 361
1723 2 2 4 7 467 468 224
1724 2 2 4 7 195 1195 19
1725 2 2 4 7 184 360 183
1726 2 2 4 7 224 468 223
1727 2 2 4 7 184 359 360
1728 2 2 4 7 468 469 223
1729 2 2 4 7 185 359 184
1730 2 2 4 7 223 469 222
1731 2 2 4 7 204 9 494
1732 2 2 4 7 497 8 203
1733 2 2 4 7 185 358 359
1734 2 2 4 7 469 470 222
1735 2 2 4 7 186 358 185
1736 2 2 4 7 470 221 222
1737 2 2 4 7 186 357 358
1738 2 2 4 7 471 221 470
1739 2 2 4 7 277 413 276
1740 2 2 4 7 276 415 275
1741 2 2 4 7 276 413 414
1742 2 2 4 7 276 414 415
1743 2 2 4 7 187 357 186
1744 2 2 4 7 220 221 471
1745 2 2 4 7 187 356 357
1746 2 2 4 7 472 220 471
1747 2 2 4 7 1124 1175 1116
1748 2 2 4 7 188 356 187
1749 2 2 4 7 219 220 472
1750 2 2 4 7 188 355 356
1751 2 2 4 7 473 219 472
1752 2 2 4 7 189 355 188
1753 2 2 4 7 218 219 473
1754 2 2 4 7 189 354 355
1755 2 2 4 7 474 218 473
1756 2 2 4 7 500 1221 1180
1757 2 2 4 7 190 354 189
1758 2 2 4 7 217 218 474
1759 2 2 4 7 190 353 354
1760 2 2 4 7 474 475 217
1761 2 2 4 7 191 353 190
1762 2 2 4 7 217 475 216
1763 2 2 4 7 191 352 353
1764 2 2 4 7 475 476 216
1765 2 2 4 7 290 399 289
1766 2 2 4 7 263 429 262
1767 2 2 4 7 399 400 289
1768 2 2 4 7 263 428 429
1769 2 2 4 7 192 352 191
1770 2 2 4 7 216 476 215
1771 2 2 4 7 192 351 352
1772 2 2 4 7 476 477 215
1773 2 2 4 7 193 351 192
1774 2 2 4 7 215 477 214
1775 2 2 4 7 193 350 351
1776 2 2 4 7 477 478 214
1777 2 2 4 7 194 350 193
1778 2 2 4 7 214 478 213
1779 2 2 4 7 483 1261 1170
1780 2 2 4 7 1169 1261 483
1781 2 2 4 7 1168 1262 488
1782 2 2 4 7 488 1262 1171
1783 2 2 4 7 1165 1217 492
1784 2 2 4 7 303 385 302
1785 2 2 4 7 250 443 249
1786 2 2 4 7 385 386 302
1787 2 2 4 7 250 442 443
1788 2 2 4 7 1179 1216 348
1789 2 2 4 7 1114 1204 1173
1790 2 2 4 7 1171 1207 487
1791 2 2 4 7 484 1209 1169
1792 2 2 4 7 301 388 300
1793 2 2 4 7 252 440 251
1794 2 2 4 7 339 1269 1221
1795 2 2 4 7 197 1183 1154
1796 2 2 4 7 387 388 301
1797 2 2 4 7 251 440 441
1798 2 2 4 7 18 1216 346
1799 2 2 4 7 1143 1184 1176
1800 2 2 4 7 343 1235 1219
1801 2 2 4 7 202 1211 1172
1802 2 2 4 7 265 426 264
1803 2 2 4 7 288 402 287
1804 2 2 4 7 484 1169 483
1805 2 2 4 7 488 1171 487
1806 2 2 4 7 483 1170 482
1807 2 2 4 7 489 1168 488
1808 2 2 4 7 264 426 427
1809 2 2 4 7 401 402 288
1810 2 2 4 7 1216 1266 346
1811 2 2 4 7 339 1221 17
1812 2 2 4 7 210 1186 1174
1813 2 2 4 7 278 412 277
1814 2 2 4 7 275 416 274
1815 2 2 4 7 1156 1199 1170
1816 2 2 4 7 1173 1188 1114
1817 2 2 4 7 277 412 413
1818 2 2 4 7 275 415 416
1819 2 2 4 7 1175 1182 1116
1820 2 2 4 7 1172 1248 202
1821 2 2 4 7 1219 1235 1181
1822 2 2 4 7 1142 1212 1174
1823 2 2 4 7 1193 1211 1194
1824 2 2 4 7 291 398 290
1825 2 2 4 7 262 430 261
1826 2 2 4 7 398 399 290
1827 2 2 4 7 262 429 430
1828 2 2 4 7 1170 1199 482
1829 2 2 4 7 304 384 303
1830 2 2 4 7 249 444 248
1831 2 2 4 7 1195 1228 349
1832 2 2 4 7 384 385 303
1833 2 2 4 7 249 443 444
1834 2 2 4 7 489 1201 1168
1835 2 2 4 7 300 389 299
1836 2 2 4 7 253 439 252
1837 2 2 4 7 388 389 300
1838 2 2 4 7 252 439 440
1839 2 2 4 7 1191 1269 340
1840 2 2 4 7 266 425 265
1841 2 2 4 7 287 403 286
1842 2 2 4 7 1209 1233 1169
1843 2 2 4 7 1203 1204 1148
1844 2 2 4 7 197 1247 1183
1845 2 2 4 7 265 425 426
1846 2 2 4 7 402 403 287
1847 2 2 4 7 1176 1184 205
1848 2 2 4 7 279 411 278
1849 2 2 4 7 274 417 273
1850 2 2 4 7 347 1216 18
1851 2 2 4 7 278 411 412
1852 2 2 4 7 274 416 417
1853 2 2 4 7 292 397 291
1854 2 2 4 7 261 431 260
1855 2 2 4 7 1150 1269 1191
1856 2 2 4 7 397 398 291
1857 2 2 4 7 261 430 431
1858 2 2 4 7 208 1189 1162
1859 2 2 4 7 305 383 304
1860 2 2 4 7 248 445 247
1861 2 2 4 7 312 376 311
1862 2 2 4 7 241 452 240
1863 2 2 4 7 383 384 304
1864 2 2 4 7 248 444 445
1865 2 2 4 7 375 376 312
1866 2 2 4 7 240 452 453
1867 2 2 4 7 299 390 298
1868 2 2 4 7 254 438 253
1869 2 2 4 7 1265 1271 340
1870 2 2 4 7 17 1221 501
1871 2 2 4 7 389 390 299
1872 2 2 4 7 253 438 439
1873 2 2 4 7 267 424 266
1874 2 2 4 7 286 404 285
1875 2 2 4 7 1189 1244 1162
1876 2 2 4 7 280 410 279
1877 2 2 4 7 273 418 272
1878 2 2 4 7 1176 1213 1143
1879 2 2 4 7 266 424 425
1880 2 2 4 7 286 403 404
1881 2 2 4 7 493 1226 492
1882 2 2 4 7 293 396 292
1883 2 2 4 7 260 432 259
1884 2 2 4 7 9 1226 494
1885 2 2 4 7 279 410 411
1886 2 2 4 7 273 417 418
1887 2 2 4 7 306 382 305
1888 2 2 4 7 247 446 246
1889 2 2 4 7 311 377 310
1890 2 2 4 7 242 451 241
1891 2 2 4 7 19 1195 349
1892 2 2 4 7 292 396 397
1893 2 2 4 7 260 431 432
1894 2 2 4 7 1154 1195 196
1895 2 2 4 7 298 391 297
1896 2 2 4 7 255 437 254
1897 2 2 4 7 382 383 305
1898 2 2 4 7 247 445 446
1899 2 2 4 7 376 377 311
1900 2 2 4 7 241 451 452
1901 2 2 4 7 285 405 284
1902 2 2 4 7 268 423 267
1903 2 2 4 7 1193 1194 1122
1904 2 2 4 7 1163 1195 1154
1905 2 2 4 7 1124 1178 1175
1906 2 2 4 7 1162 1177 207
1907 2 2 4 7 281 409 280
1908 2 2 4 7 272 419 271
1909 2 2 4 7 7 1205 1196
1910 2 2 4 7 1197 1206 10
1911 2 2 4 7 390 391 298
1912 2 2 4 7 254 437 438
1913 2 2 4 7 294 395 293
1914 2 2 4 7 259 433 258
1915 2 2 4 7 285 404 405
1916 2 2 4 7 267 423 424
1917 2 2 4 7 307 381 306
1918 2 2 4 7 246 447 245
1919 2 2 4 7 7 1196 314
1920 2 2 4 7 238 1197 10
1921 2 2 4 7 310 378 309
1922 2 2 4 7 243 450 242
1923 2 2 4 7 1266 1270 345
1924 2 2 4 7 297 392 296
1925 2 2 4 7 256 436 255
1926 2 2 4 7 280 409 410
1927 2 2 4 7 272 418 419
1928 2 2 4 7 284 406 283
1929 2 2 4 7 269 422 268
1930 2 2 4 7 1124 1208 1178
1931 2 2 4 7 1208 1244 1178
1932 2 2 4 7 282 408 281
1933 2 2 4 7 271 420 270
1934 2 2 4 7 25 1199 481
1935 2 2 4 7 293 395 396
1936 2 2 4 7 259 432 433
1937 2 2 4 7 295 394 294
1938 2 2 4 7 258 434 257
1939 2 2 4 7 308 380 307
1940 2 2 4 7 245 448 244
1941 2 2 4 7 309 379 308
1942 2 2 4 7 244 449 243
1943 2 2 4 7 296 393 295
1944 2 2 4 7 257 435 256
1945 2 2 4 7 494 1226 493
1946 2 2 4 7 283 407 282
1947 2 2 4 7 270 421 269
1948 2 2 4 7 381 382 306
1949 2 2 4 7 246 446 447
1950 2 2 4 7 377 378 310
1951 2 2 4 7 242 450 451
1952 2 2 4 7 1163 1192 1123
1953 2 2 4 7 297 391 392
1954 2 2 4 7 255 436 437
1955 2 2 4 7 1173 1204 1203
1956 2 2 4 7 284 405 406
1957 2 2 4 7 268 422 423
1958 2 2 4 7 1194 1211 1153
1959 2 2 4 7 501 1221 500
1960 2 2 4 7 281 408 409
1961 2 2 4 7 271 419 420
1962 2 2 4 7 482 1199 25
1963 2 2 4 7 294 394 395
1964 2 2 4 7 258 433 434
1965 2 2 4 7 380 381 307
1966 2 2 4 7 245 447 448
1967 2 2 4 7 378 379 309
1968 2 2 4 7 243 449 450
1969 2 2 4 7 296 392 393
1970 2 2 4 7 256 435 436
1971 2 2 4 7 283 406 407
1972 2 2 4 7 269 421 422
1973 2 2 4 7 282 407 408
1974 2 2 4 7 270 420 421
1975 2 2 4 7 295 393 394
1976 2 2 4 7 257 434 435
1977 2 2 4 7 379 380 308
1978 2 2 4 7 244 448 449
1979 2 2 4 7 1164 1264 1243
1980 2 2 4 7 1114 1188 199
1981 2 2 4 7 1202 1209 484
1982 2 2 4 7 490 1201 26
1983 2 2 4 7 10 1206 237
1984 2 2 4 7 170 1205 7
1985 2 2 4 7 348 1216 347
1986 2 2 4 7 487 1207 1200
1987 2 2 4 7 26 1201 489
1988 2 2 4 7 1163 1228 1195
1989 2 2 4 7 211 1186 210
1990 2 2 4 7 1162 1208 1177
1991 2 2 4 7 1146 1182 1175
1992 2 2 4 7 212 1220 211
1993 2 2 4 7 205 1184 9
1994 2 2 4 7 197 1154 196
1995 2 2 4 7 206 1177 1176
1996 2 2 4 7 348 1227 1179
1997 2 2 4 7 1183 1192 1154
1998 2 2 4 7 1201 1260 1168
1999 2 2 4 7 340 1271 1191
2000 2 2 4 7 200 1114 199
2001 2 2 4 7 345 1270 1190
2002 2 2 4 7 1180 1231 500
2003 2 2 4 7 1164 1243 1156
2004 2 2 4 7 1252 1280 1167
2005 2 2 4 7 206 1176 205
2006 2 2 4 7 1210 1218 1144
2007 2 2 4 7 210 1174 209
2008 2 2 4 7 344 1235 343
2009 2 2 4 7 208 1162 207
2010 2 2 4 7 24 1220 212
2011 2 2 4 7 1155 1252 1167
2012 2 2 4 7 485 1202 484
2013 2 2 4 7 237 1206 23
2014 2 2 4 7 20 1205 170
2015 2 2 4 7 487 1200 486
2016 2 2 4 7 207 1177 206
2017 2 2 4 7 239 1225 11
2018 2 2 4 7 12 1224 313
2019 2 2 4 7 1144 1267 1210
2020 2 2 4 7 1151 1265 1250
2021 2 2 4 7 1231 1232 499
2022 2 2 4 7 341 1265 340
2023 2 2 4 7 1145 1233 1209
2024 2 2 4 7 202 1248 201
2025 2 2 4 7 201 1198 200
2026 2 2 4 7 199 1188 198
2027 2 2 4 7 209 1189 208
2028 2 2 4 7 1174 1189 209
2029 2 2 4 7 327 1108 328
2030 2 2 4 7 325 1109 326
2031 2 2 4 7 346 1266 345
2032 2 2 4 7 1130 1148 1144
2033 2 2 4 7 486 1185 485
2034 2 2 4 7 1146 1185 1182
2035 2 2 4 7 340 1269 339
2036 2 2 4 7 200 1198 1114
2037 2 2 4 7 342 1187 341
2038 2 2 4 7 1138 1244 1189
2039 2 2 4 7 202 1291 1211
2040 2 2 4 7 1162 1244 1208
2041 2 2 4 7 1177 1259 1176
2042 2 2 4 7 21 1224 374
2043 2 2 4 7 454 1225 22
2044 2 2 4 7 1130 1203 1148
2045 2 2 4 7 1138 1241 1178
2046 2 2 4 7 198 1247 197
2047 2 2 4 7 1146 1175 1133
2048 2 2 4 7 1131 1242 1215
2049 2 2 4 7 500 1231 499
2050 2 2 4 7 374 1224 1196
2051 2 2 4 7 1197 1225 454
2052 2 2 4 7 345 1253 344
2053 2 2 4 7 1184 1226 9
2054 2 2 4 7 211 1220 1186
2055 2 2 4 7 1175 1241 1133
2056 2 2 4 7 11 1197 238
2057 2 2 4 7 314 1196 12
2058 2 2 4 7 201 1248 1198
2059 2 2 4 7 1243 1264 480
2060 2 2 4 7 349 1227 348
2061 2 2 4 7 1208 1249 1177
2062 2 2 4 7 23 1255 237
2063 2 2 4 7 170 1256 20
2064 2 2 4 7 1178 1241 1175
2065 2 2 4 7 1115 1124 1116
2066 2 2 4 7 1156 1243 1199
2067 2 2 4 7 1249 1259 1177
2068 2 2 4 7 1116 1147 1113
2069 2 2 4 7 1112 1145 1133
2070 2 2 4 7 1196 1205 374
2071 2 2 4 7 454 1206 1197
2072 2 2 4 7 1130 1144 1139
2073 2 2 4 7 349 1228 1227
2074 2 2 4 7 334 1110 335
2075 2 2 4 7 318 1111 319
2076 2 2 4 7 374 1205 20
2077 2 2 4 7 23 1206 454
2078 2 2 4 7 455 1255 23
2079 2 2 4 7 20 1256 373
2080 2 2 4 7 1120 1121 1108
2081 2 2 4 7 1115 1116 1113
2082 2 2 4 7 1109 1119 1118
2083 2 2 4 7 1112 1133 1117
2084 2 2 4 7 1121 1130 1129
2085 2 2 4 7 1121 1203 1130
2086 2 2 4 7 327 1120 1108
2087 2 2 4 7 1109 1118 326
2088 2 2 4 7 1161 1173 1127
2089 2 2 4 7 1160 1215 1198
2090 2 2 4 7 1212 1268 1174
2091 2 2 4 7 1149 1238 1181
2092 2 2 4 7 1178 1244 1138
2093 2 2 4 7 317 1126 318
2094 2 2 4 7 335 1125 336
2095 2 2 4 7 1236 1273 1187
2096 2 2 4 7 1192 1274 1123
2097 2 2 4 7 1119 1131 1128
2098 2 2 4 7 1190 1253 345
2099 2 2 4 7 332 1123 15
2100 2 2 4 7 14 1122 321
2101 2 2 4 7 1122 1275 1193
2102 2 2 4 7 1116 1182 1147
2103 2 2 4 7 1136 1192 1183
2104 2 2 4 7 1145 1146 1133
2105 2 2 4 7 1172 1193 1137
2106 2 2 4 7 1219 1236 343
2107 2 2 4 7 375 1276 21
2108 2 2 4 7 22 1277 453
2109 2 2 4 7 1134 1268 1212
2110 2 2 4 7 1222 1274 1136
2111 2 2 4 7 491 1280 1252
2112 2 2 4 7 1137 1275 1223
2113 2 2 4 7 1250 1265 1187
2114 2 2 4 7 1151 1250 1237
2115 2 2 4 7 1144 1218 1159
2116 2 2 4 7 1130 1139 1129
2117 2 2 4 7 1198 1248 1160
2118 2 2 4 7 1109 1132 1119
2119 2 2 4 7 1121 1129 1108
2120 2 2 4 7 342 1236 1187
2121 2 2 4 7 1198 1257 1114
2122 2 2 4 7 1119 1210 1131
2123 2 2 4 7 1173 1203 1127
2124 2 2 4 7 1139 1181 1129
2125 2 2 4 7 1242 1257 1215
2126 2 2 4 7 1136 1274 1192
2127 2 2 4 7 1120 1136 1127
2128 2 2 4 7 1128 1137 1118
2129 2 2 4 7 1193 1275 1137
2130 2 2 4 7 1155 1260 1252
2131 2 2 4 7 1120 1127 1121
2132 2 2 4 7 1119 1128 1118
2133 2 2 4 7 1185 1202 485
2134 2 2 4 7 1136 1183 1161
2135 2 2 4 7 1160 1172 1137
2136 2 2 4 7 1117 1134 1110
2137 2 2 4 7 1111 1135 1115
2138 2 2 4 7 1144 1159 1139
2139 2 2 4 7 1161 1188 1173
2140 2 2 4 7 1182 1200 1147
2141 2 2 4 7 486 1200 1185
2142 2 2 4 7 337 1156 338
2143 2 2 4 7 491 1252 490
2144 2 2 4 7 343 1236 342
2145 2 2 4 7 497 1258 8
2146 2 2 4 7 1147 1254 1234
2147 2 2 4 7 1165 1184 1143
2148 2 2 4 7 481 1243 480
2149 2 2 4 7 1142 1186 1166
2150 2 2 4 7 1189 1268 1138
2151 2 2 4 7 315 1155 316
2152 2 2 4 7 1181 1235 1149
2153 2 2 4 7 1145 1202 1146
2154 2 2 4 7 320 1171 13
2155 2 2 4 7 13 1168 315
2156 2 2 4 7 338 1170 16
2157 2 2 4 7 16 1169 333
2158 2 2 4 7 1215 1257 1198
2159 2 2 4 7 1117 1138 1134
2160 2 2 4 7 1181 1238 1129
2161 2 2 4 7 1136 1161 1127
2162 2 2 4 7 1128 1160 1137
2163 2 2 4 7 1185 1200 1182
2164 2 2 4 7 330 1152 331
2165 2 2 4 7 322 1150 323
2166 2 2 4 7 332 1158 1123
2167 2 2 4 7 324 1151 325
2168 2 2 4 7 328 1149 329
2169 2 2 4 7 334 1112 1110
2170 2 2 4 7 1146 1202 1185
2171 2 2 4 7 1122 1157 321
2172 2 2 4 7 1111 1113 319
2173 2 2 4 7 1127 1203 1121
2174 2 2 4 7 1217 1280 492
2175 2 2 4 7 498 1258 497
2176 2 2 4 7 480 1264 479
2177 2 2 4 7 312 1276 375
2178 2 2 4 7 453 1277 240
2179 2 2 4 7 1149 1253 329
2180 2 2 4 7 492 1280 491
2181 2 2 4 7 8 1291 202
2182 2 2 4 7 1214 1263 479
2183 2 2 4 7 1142 1166 1140
2184 2 2 4 7 1171 1254 1207
2185 2 2 4 7 1141 1165 1143
2186 2 2 4 7 1153 1251 1194
2187 2 2 4 7 1200 1207 1147
2188 2 2 4 7 323 1191 324
2189 2 2 4 7 329 1190 330
2190 2 2 4 7 237 1255 236
2191 2 2 4 7 171 1256 170
2192 2 2 4 7 479 1264 1214
2193 2 2 4 7 1196 1224 12
2194 2 2 4 7 11 1225 1197
2195 2 2 4 7 455 1287 1255
2196 2 2 4 7 1256 1288 373
2197 2 2 4 7 1124 1249 1208
2198 2 2 4 7 1145 1209 1202
2199 2 2 4 7 1255 1287 236
2200 2 2 4 7 171 1288 1256
2201 2 2 4 7 1188 1247 198
2202 2 2 4 7 329 1253 1190
2203 2 2 4 7 1225 1277 22
2204 2 2 4 7 21 1276 1224
2205 2 2 4 7 1132 1210 1119
2206 2 2 4 7 15 1222 327
2207 2 2 4 7 326 1223 14
2208 2 2 4 7 1204 1242 1148
2209 2 2 4 7 1125 1140 336
2210 2 2 4 7 1122 1194 1157
2211 2 2 4 7 317 1141 1126
2212 2 2 4 7 499 1251 498
2213 2 2 4 7 1176 1259 1213
2214 2 2 4 7 1112 1117 1110
2215 2 2 4 7 1111 1115 1113
2216 2 2 4 7 313 1276 312
2217 2 2 4 7 240 1277 239
2218 2 2 4 7 203 1272 496
2219 2 2 4 7 495 1272 204
2220 2 2 4 7 1120 1222 1136
2221 2 2 4 7 1187 1265 341
2222 2 2 4 7 1137 1223 1118
2223 2 2 4 7 1174 1268 1189
2224 2 2 4 7 1207 1254 1147
2225 2 2 4 7 479 1263 24
2226 2 2 4 7 1117 1241 1138
2227 2 2 4 7 1131 1215 1128
2228 2 2 4 7 1141 1143 1126
2229 2 2 4 7 1115 1249 1124
2230 2 2 4 7 1125 1142 1140
2231 2 2 4 7 1152 1179 331
2232 2 2 4 7 1152 1216 1179
2233 2 2 4 7 230 1290 461
2234 2 2 4 7 367 1289 177
2235 2 2 4 7 337 1164 1156
2236 2 2 4 7 1158 1163 1123
2237 2 2 4 7 1147 1234 1113
2238 2 2 4 7 333 1233 334
2239 2 2 4 7 319 1234 320
2240 2 2 4 7 1112 1233 1145
2241 2 2 4 7 204 1272 203
2242 2 2 4 7 1155 1167 316
2243 2 2 4 7 1132 1218 1210
2244 2 2 4 7 322 1180 1150
2245 2 2 4 7 1213 1259 1135
2246 2 2 4 7 1143 1213 1126
2247 2 2 4 7 1148 1267 1144
2248 2 2 4 7 1186 1220 1166
2249 2 2 4 7 1125 1212 1142
2250 2 2 4 7 1133 1241 1117
2251 2 2 4 7 231 1290 230
2252 2 2 4 7 177 1289 176
2253 2 2 4 7 172 1288 171
2254 2 2 4 7 236 1287 235
2255 2 2 4 7 232 1286 231
2256 2 2 4 7 176 1285 175
2257 2 2 4 7 173 1284 172
2258 2 2 4 7 235 1283 234
2259 2 2 4 7 233 1282 232
2260 2 2 4 7 175 1281 174
2261 2 2 4 7 174 1279 173
2262 2 2 4 7 234 1278 233
2263 2 2 4 7 1172 1211 1193
2264 2 2 4 7 458 1278 457
2265 2 2 4 7 371 1279 370
2266 2 2 4 7 459 1282 458
2267 2 2 4 7 370 1281 369
2268 2 2 4 7 457 1283 456
2269 2 2 4 7 372 1284 371
2270 2 2 4 7 460 1286 459
2271 2 2 4 7 369 1285 368
2272 2 2 4 7 456 1287 455
2273 2 2 4 7 373 1288 372
2274 2 2 4 7 461 1290 460
2275 2 2 4 7 368 1289 367
2276 2 2 4 7 458 1282 1278
2277 2 2 4 7 1279 1281 370
2278 2 2 4 7 1278 1283 457
2279 2 2 4 7 371 1284 1279
2280 2 2 4 7 459 1286 1282
2281 2 2 4 7 1281 1285 369
2282 2 2 4 7 1283 1287 456
2283 2 2 4 7 372 1288 1284
2284 2 2 4 7 460 1290 1286
2285 2 2 4 7 1285 1289 368
2286 2 2 4 7 1134 1239 1110
2287 2 2 4 7 1111 1240 1135
2288 2 2 4 7 331 1229 332
2289 2 2 4 7 1166 1214 1140
2290 2 2 4 7 1286 1290 231
2291 2 2 4 7 176 1289 1285
2292 2 2 4 7 235 1287 1283
2293 2 2 4 7 1284 1288 172
2294 2 2 4 7 1282 1286 232
2295 2 2 4 7 175 1285 1281
2296 2 2 4 7 1279 1284 173
2297 2 2 4 7 234 1283 1278
2298 2 2 4 7 1278 1282 233
2299 2 2 4 7 174 1281 1279
2300 2 2 4 7 1165 1226 1184
2301 2 2 4 7 321 1230 322
2302 2 2 4 7 496 1272 495
2303 2 2 4 7 325 1237 1109
2304 2 2 4 7 1108 1238 328
2305 2 2 4 7 1141 1217 1165
2306 2 2 4 7 1194 1251 1232
2307 2 2 4 7 336 1245 337
2308 2 2 4 7 1252 1260 1201
2309 2 2 4 7 316 1246 317
2310 2 2 4 7 1128 1215 1160
2311 2 2 4 7 1139 1219 1181
2312 2 2 4 7 1180 1221 1150
2313 2 2 4 7 1153 1258 1251
2314 2 2 4 7 1210 1267 1131
2315 2 2 4 7 327 1222 1120
2316 2 2 4 7 1118 1223 326
2317 2 2 4 7 1109 1237 1132
2318 2 2 4 7 1129 1238 1108
2319 2 2 4 7 1161 1247 1188
2320 2 2 4 7 1183 1247 1161
2321 2 2 4 7 1159 1219 1139
2322 2 2 4 7 1160 1248 1172
2323 2 2 4 7 1199 1243 481
2324 2 2 4 7 1158 1229 1227
2325 2 2 4 7 1135 1259 1249
2326 2 2 4 7 1132 1250 1218
2327 2 2 4 7 1166 1263 1214
2328 2 2 4 7 239 1277 1225
2329 2 2 4 7 1224 1276 313
2330 2 2 4 7 1131 1267 1242
2331 2 2 4 7 344 1253 1235
2332 2 2 4 7 1158 1228 1163
2333 2 2 4 7 1214 1245 1140
2334 2 2 4 7 1110 1239 335
2335 2 2 4 7 1135 1249 1115
2336 2 2 4 7 332 1229 1158
2337 2 2 4 7 490 1252 1201
2338 2 2 4 7 334 1233 1112
2339 2 2 4 7 318 1240 1111
2340 2 2 4 7 1113 1234 319
2341 2 2 4 7 1227 1228 1158
2342 2 2 4 7 1179 1229 331
2343 2 2 4 7 1152 1266 1216
2344 2 2 4 7 1227 1229 1179
2345 2 2 4 7 1157 1230 321
2346 2 2 4 7 1213 1240 1126
2347 2 2 4 7 1141 1246 1217
2348 2 2 4 7 1123 1274 15
2349 2 2 4 7 1125 1239 1212
2350 2 2 4 7 14 1275 1122
2351 2 2 4 7 1138 1268 1134
2352 2 2 4 7 1159 1236 1219
2353 2 2 4 7 335 1239 1125
2354 2 2 4 7 1126 1240 318
2355 2 2 4 7 1164 1245 1214
2356 2 2 4 7 1194 1232 1157
2357 2 2 4 7 322 1230 1180
2358 2 2 4 7 1114 1257 1204
2359 2 2 4 7 1251 1258 498
2360 2 2 4 7 1221 1269 1150
2361 2 2 4 7 1217 1246 1167
2362 2 2 4 7 1230 1231 1180
2363 2 2 4 7 337 1245 1164
2364 2 2 4 7 1167 1246 316
2365 2 2 4 7 1157 1231 1230
2366 2 2 4 7 1237 1250 1132
2367 2 2 4 7 1140 1245 336
2368 2 2 4 7 317 1246 1141
2369 2 2 4 7 1212 1239 1134
2370 2 2 4 7 1135 1240 1213
2371 2 2 4 7 1220 1263 1166
2372 2 2 4 7 1250 1273 1218
2373 2 2 4 7 1151 1237 325
2374 2 2 4 7 328 1238 1149
2375 2 2 4 7 1157 1232 1231
2376 2 2 4 7 1214 1264 1164
2377 2 2 4 7 1235 1253 1149
2378 2 2 4 7 1153 1291 1258
2379 2 2 4 7 15 1274 1222
2380 2 2 4 7 1223 1275 14
2381 2 2 4 7 1242 1267 1148
2382 2 2 4 7 320 1254 1171
2383 2 2 4 7 315 1260 1155
2384 2 2 4 7 1159 1273 1236
2385 2 2 4 7 1168 1260 315
2386 2 2 4 7 1234 1254 320
2387 2 2 4 7 1211 1291 1153
2388 2 2 4 7 1232 1251 499
2389 2 2 4 7 1170 1261 16
2390 2 2 4 7 16 1261 1169
2391 2 2 4 7 1171 1262 13
2392 2 2 4 7 13 1262 1168
2393 2 2 4 7 1151 1271 1265
2394 2 2 4 7 1167 1280 1217
2395 2 2 4 7 330 1270 1152
2396 2 2 4 7 324 1271 1151
2397 2 2 4 7 24 1263 1220
2398 2 2 4 7 1204 1257 1242
2399 2 2 4 7 1152 1270 1266
2400 2 2 4 7 1218 1273 1159
2401 2 2 4 7 1191 1271 324
2402 2 2 4 7 1190 1270 330
2403 2 2 4 7 1187 1273 1250
2404 2 2 4 7 1258 1291 8
2405 2 2 4 7 1150 1191 323
2406 2 2 4 7 1169 1233 333
2407 2 2 4 7 1156 1170 338
$EndElements
